sur_air_temp,H2O_vapor_mass_ratio_surf,mean_precipitation_rate,surf_temp,cloud_temp
0.162499994,3.5078125,0.0,-5.4000001,-16.5249996
2.7874999,3.65234375,0.0,6.2874999,-2.6500001
2.7874999,3.65234375,0.0700000003,6.2874999,-26.8687496
2.7874999,3.65234375,1.15499997,1.22500002,-16.2749996
-1.39999998,2.3515625,0.0,4.0374999,-12.8999996
-1.39999998,2.3515625,0.649999976,4.0374999,-19.8999996
-1.39999998,2.3515625,0.0,4.0374999,-45.0562515
-1.39999998,2.3515625,1.67499995,4.0374999,-37.1500015
-3.4000001,2.49023438,0.0700000003,-5.0875001,-32.3687515
-3.4000001,2.49023438,16.3149986,-5.0875001,-37.7750015
-3.4000001,2.49023438,10.874999,3.8499999,-37.4000015
-3.4000001,2.49023438,32.0999985,3.8499999,-10.8999996
-3.4000001,2.49023438,0.0,3.8499999,-9.71249962
4.9749999,4.3828125,0.344999999,6.9124999,-7.9625001
4.9749999,4.3828125,0.0,6.9124999,-7.9625001
-3.9000001,1.92480469,0.319999993,-8.27499962,-24.0562496
-3.9000001,1.1484375,0.0,-6.3375001,-15.1499996
-3.9000001,1.1484375,7.11499929,-6.3375001,-51.5250015
-3.4000001,2.0546875,0.0149999997,-3.5250001,-20.0562496
-3.5875001,1.70703125,0.0299999993,-2.9000001,-12.5249996
-1.89999998,1.96386719,0.0,-8.77499962,-29.0249996
3.9124999,2.53710938,0.0,0.412499994,-31.7124996
4.4124999,3.32421875,0.0850000009,0.600000024,-37.4312515
9.78750038,4.734375,0.86500001,6.8499999,-25.1499996
9.78750038,4.734375,29.2749996,6.8499999,-44.9625015
0.474999994,3.73828125,0.0,-2.2125001,-19.1812496
0.474999994,3.73828125,0.0,-2.2125001,-13.3999996
-3.7125001,2.46875,0.689999938,-14.0874996,-17.4624996
-3.7125001,2.46875,0.0,-14.0874996,-17.4624996
-1.46249998,2.19726562,0.0,0.474999994,-33.2750015
-1.46249998,2.19726562,0.444999993,0.474999994,-33.2750015
-4.9000001,1.765625,0.0599999987,-11.9624996,-15.7124996
-2.0875001,3.23632812,0.0899999961,-8.33749962,-23.8999996
1.47500002,4.28125,0.0,2.3499999,-10.9624996
5.0374999,4.99609375,0.529999971,-9.83749962,-23.4312496
5.0374999,4.99609375,0.564999998,-9.83749962,-23.4312496
5.0374999,4.99609375,16.7699986,-9.83749962,-48.4937515
5.0374999,4.99609375,24.5350037,-9.83749962,-34.6500015
-6.2125001,1.39648438,0.275000006,-9.96249962,-22.3062496
2.4749999,3.04882812,0.0,0.100000001,-21.2749996
3.5999999,3.53320312,4.22499943,-5.5250001,-20.2437496
3.7249999,3.53320312,0.389999986,-9.89999962,-16.1499996
-1.58749998,2.54882812,0.379999995,-0.0250000004,-32.2437515
-1.58749998,2.54882812,10.3449984,-0.0250000004,-15.8999996
-1.58749998,2.54882812,0.0,-0.0250000004,-16.8999996
-3.2125001,2.359375,0.0,0.474999994,-34.8375015
-3.2125001,2.359375,0.289999992,0.474999994,-34.8375015
-1.83749998,2.046875,0.0749999955,0.412499994,-12.1499996
7.0374999,5.2734375,14.1499987,-1.58749998,-36.8062515
-0.524999976,2.29882812,0.0299999993,2.3499999,-17.2124996
-0.524999976,2.29882812,0.0,1.78750002,-19.1812496
-1.27499998,2.25195312,0.0,-0.400000006,-5.4625001
1.91250002,3.47851562,0.0,1.72500002,-8.39999962
8.66250038,3.44921875,0.0,3.7874999,-36.9625015
4.9124999,4.31640625,0.420000017,3.0374999,-23.7749996
3.0374999,4.48046875,1.63499999,-5.3375001,-11.3999996
8.91250038,4.734375,1.23000002,-1.71249998,-32.2437515
8.91250038,4.734375,14.2999992,-1.71249998,-23.6499996
-4.9000001,1.91894531,0.0899999961,-5.4625001,-22.5249996
-7.5250001,1.46191406,0.224999994,-7.7125001,-18.8687496
0.224999994,2.98242188,0.0,0.912500024,-13.5249996
5.7249999,4.23828125,6.36000061,-1.08749998,-35.6812515
5.7249999,4.23828125,3.70499969,-1.08749998,-35.6812515
2.9749999,2.75585938,1.68000007,4.9124999,-16.2124996
4.4749999,3.71289062,0.0,5.7874999,-7.9000001
5.0374999,4.484375,0.684999943,-4.5875001,-34.9625015
1.60000002,2.65429688,0.0,3.0374999,-19.5249996
8.72500038,4.29296875,0.13499999,8.10000038,-20.3374996
13.4125004,5.6875,0.0,13.2250004,-14.1499996
13.4125004,5.6875,12.5699997,8.22500038,-33.4000015
13.4125004,5.6875,0.0,8.22500038,-40.7750015
13.4125004,5.6875,0.0,12.4750004,-10.4624996
13.4125004,5.6875,3.2249999,12.4750004,-12.2124996
3.2874999,3.61328125,0.0,7.7874999,-42.4000015
0.162499994,2.8203125,0.0,5.5999999,-23.5562496
3.9124999,3.05859375,0.0,7.2249999,-46.6500015
3.9124999,3.05859375,0.0,7.2249999,-5.7750001
3.6624999,4.73828125,0.0,0.725000024,-35.8062515
3.6624999,4.73828125,8.47500038,0.725000024,-35.8062515
15.7250004,9.328125,12.3850002,0.725000024,-39.2437515
-1.33749998,2.18554688,0.0199999996,7.8499999,-31.2124996
1.35000002,2.45703125,0.0,5.9124999,-2.4625001
1.35000002,2.45703125,8.42000008,5.9124999,-45.7125015
4.6624999,3.54296875,0.0,3.3499999,-8.02499962
8.28750038,4.37109375,0.439999998,5.5999999,-19.0249996
8.28750038,4.37109375,0.0,5.5999999,-19.0249996
5.9749999,3.29296875,1.28999996,12.1000004,-2.6500001
5.9749999,3.29296875,8.52000046,1.66250002,-25.9624996
5.9749999,3.29296875,20.9899979,8.47500038,-14.5249996
5.9749999,3.29296875,2.62499976,8.47500038,-16.2124996
5.9749999,3.29296875,0.754999995,1.53750002,-5.5250001
5.6624999,3.984375,0.0,8.41250038,-5.5875001
5.6624999,3.984375,0.0,8.41250038,-5.5875001
10.4750004,7.44921875,3.28499985,1.85000002,-11.2749996
10.4750004,7.44921875,0.340000004,1.85000002,-11.2749996
10.4750004,7.44921875,0.0,12.7875004,-4.1500001
9.60000038,2.9375,0.0,12.7250004,-4.4625001
11.7250004,4.05078125,1.02999997,14.2875004,-38.7750015
11.7250004,4.05078125,4.4199996,14.2875004,-5.7125001
3.0374999,3.90234375,2.2349999,4.4749999,-13.4624996
1.10000002,2.65625,0.249999985,1.97500002,-21.3687496
2.8499999,2.8046875,0.0,9.22500038,-19.9312496
2.8499999,2.8046875,0.0,9.22500038,-14.8999996
2.8499999,2.8046875,20.9499969,9.22500038,-45.6812515
2.8499999,2.8046875,3.16499996,8.97500038,-29.1187496
0.725000024,2.4609375,0.299999982,5.1624999,-20.8374996
2.2249999,2.30664062,0.435000002,7.2874999,-21.5249996
2.2249999,2.30664062,0.389999986,3.5999999,-38.6812515
5.4124999,3.69335938,0.164999992,8.91250038,-17.0249996
5.4124999,3.69335938,7.92500019,8.91250038,-20.4937496
5.4124999,3.69335938,0.269999981,8.91250038,-20.4937496
4.2874999,3.1640625,3.28999972,7.8499999,-16.5874996
1.22500002,2.06640625,0.0,10.0375004,-26.5249996
7.5999999,3.94140625,0.965000033,7.5999999,-13.9624996
7.5999999,3.94140625,4.32999945,7.5999999,-12.9624996
8.03750038,4.328125,0.0,17.2250004,-39.1812515
8.03750038,4.328125,19.3150005,17.2250004,-33.3687515
8.03750038,4.328125,4.4749999,17.2250004,-30.5874996
7.7249999,4.66796875,0.0,19.5375004,-14.4624996
7.7249999,4.66796875,2.65999961,19.5375004,-37.3687515
7.7249999,4.66796875,24.7800007,19.5375004,-40.3375015
7.7249999,4.66796875,12.6449986,17.2250004,-8.08749962
7.7249999,4.66796875,1.90499997,18.1625004,-22.9312496
18.2875004,6.203125,1.04999995,22.4750004,1.85000002
18.2875004,6.203125,0.314999998,22.4750004,-15.5249996
8.72500038,2.609375,0.0,12.9125004,-25.6499996
8.72500038,2.609375,0.0,12.9125004,-25.6499996
8.72500038,2.609375,1.6099999,8.28750038,-18.5562496
1.03750002,2.9140625,0.50999999,8.28750038,-31.5562496
2.2249999,3.05078125,0.685000002,8.28750038,-33.8375015
2.2249999,3.05078125,0.284999996,8.28750038,-20.8999996
5.9749999,4.70703125,0.0,-0.712499976,-22.9937496
5.9749999,4.70703125,0.0,15.2875004,-25.6187496
5.9749999,4.70703125,0.0,13.7250004,-3.0875001
5.9749999,4.70703125,2.38499999,15.0375004,-19.5249996
5.9749999,4.70703125,19.8199997,5.9749999,-22.8999996
5.9749999,4.70703125,0.36500001,26.7250004,1.35000002
5.9749999,4.70703125,0.290000021,25.6625004,-25.2124996
5.9749999,4.70703125,10.3300009,25.6625004,-11.5874996
5.9749999,4.70703125,0.00499999989,16.5375004,-38.0250015
5.9749999,4.70703125,0.0,26.9750004,1.47500002
20.5375004,3.88671875,0.0,22.3500004,-16.8374996
20.5375004,3.88671875,0.0,22.3500004,-16.8374996
15.4125004,8.890625,11.5299997,25.0375004,-5.9000001
15.4125004,8.890625,0.0,21.6625004,-8.46249962
15.4125004,8.890625,12.4549999,23.2875004,-6.4000001
15.4125004,8.890625,0.0,37.3499985,18.3500004
15.4125004,8.890625,0.0,26.7875004,-40.5250015
15.4125004,8.890625,0.720000029,14.3500004,-21.1187496
15.4125004,8.890625,15.0699997,24.9750004,-28.8062496
15.4125004,8.890625,1.03499997,24.2250004,-11.6499996
15.4125004,8.890625,0.0,9.16250038,-20.4937496
15.4125004,8.890625,0.0,15.6625004,-13.5249996
15.4125004,8.890625,0.564999998,15.6625004,3.0999999
15.4125004,8.890625,3.61999989,26.1000004,-14.8999996
24.2250004,9.40625,0.0,26.5375004,-11.0249996
24.2250004,9.40625,6.60499954,28.6625004,-9.89999962
24.2250004,9.40625,0.0,23.6625004,-3.9000001
24.2250004,9.40625,0.0,23.6625004,-3.9000001
15.4125004,8.1328125,0.415000021,18.6000004,-40.5562515
22.9125004,13.03125,0.0,28.3500004,5.2874999
26.7875004,15.4296875,0.219999999,26.9750004,7.2249999
26.7875004,15.4296875,1.01999998,24.7250004,-8.58749962
26.7875004,15.4296875,0.0,16.6625004,-12.5249996
26.7875004,15.4296875,0.0,19.4750004,-6.2125001
26.7875004,15.4296875,0.0,14.9750004,-5.6500001
20.9750004,6.796875,0.0,25.0375004,-2.0875001
20.9750004,6.796875,0.0,24.4125004,17.6000004
20.9750004,6.796875,0.0,23.9125004,8.10000038
26.4125004,9.8359375,7.31000042,29.6625004,7.2249999
23.6625004,11.484375,0.329999983,26.2250004,14.4750004
26.4750004,12.828125,0.155000001,31.4750004,19.1000004
26.4750004,12.828125,0.0,28.2875004,21.4750004
27.6625004,12.390625,0.899999976,36.9749985,-19.0562496
27.6625004,12.390625,0.224999994,36.9749985,-19.0562496
16.2250004,9.4765625,7.41499996,25.7875004,-1.02499998
16.2250004,9.4765625,2.52499986,24.7250004,4.4749999
22.8500004,8.46875,0.125,26.1000004,7.7874999
20.1000004,13.4921875,18.7599983,24.2875004,10.8500004
21.7250004,13.0546875,7.51499939,23.6625004,1.72500002
21.7250004,13.0546875,0.0,27.7875004,-12.5874996
21.7250004,13.0546875,0.0599999987,14.6000004,-7.7125001
21.7250004,13.0546875,0.204999983,14.6000004,-7.7125001
21.7250004,13.0546875,0.0,26.7250004,0.787500024
21.7250004,13.0546875,0.0149999997,27.9125004,-0.524999976
24.2875004,8.0625,0.0,29.2250004,22.4750004
26.2875004,12.96875,0.0,29.7250004,-19.4624996
25.9750004,13.484375,0.13499999,30.9125004,13.7875004
26.6625004,15.96875,0.0,28.6625004,9.10000038
27.4750004,15.390625,1.13999999,30.7250004,1.91250002
27.4750004,15.390625,0.0,30.7250004,1.91250002
27.9750004,16.03125,0.949999988,27.2250004,-41.1500015
24.2250004,15.5859375,23.0800018,26.2875004,-23.9624996
21.7875004,11.875,37.9150009,25.6625004,-19.8687496
21.7875004,11.875,0.049999997,22.3500004,-8.52499962
22.2875004,12.0859375,0.0,25.2250004,6.2249999
22.2875004,12.0859375,0.0,28.6625004,-30.0249996
22.2875004,12.0859375,13.9599991,28.6625004,-36.9000015
23.1000004,12.9609375,13.2399998,26.5375004,17.2875004
23.1000004,12.9609375,0.0,24.8500004,-61.4312515
29.0375004,16.390625,2.43999982,31.7250004,-50.2750015
23.4750004,13.671875,0.0899999961,26.7250004,-9.96249962
22.9125004,11.421875,0.0,27.6625004,-16.7124996
22.9125004,11.421875,5.84000015,22.1625004,-20.9624996
22.9125004,11.421875,0.944999933,25.6625004,12.8500004
24.6625004,12.40625,0.0,27.4750004,16.4125004
24.6625004,12.40625,0.0,27.4750004,16.4125004
23.6625004,16.609375,0.0,28.4750004,-18.2124996
27.9125004,17.65625,0.534999967,29.1625004,-9.02499962
22.8500004,9.421875,9.99000072,28.3500004,-16.0874996
24.4125004,13.8046875,4.95499992,26.5375004,-9.89999962
22.7875004,11.0,0.159999996,26.7250004,-19.2124996
23.7875004,11.1484375,0.0,28.2250004,-8.39999962
24.5375004,10.7578125,0.0,26.7875004,-37.9312515
24.6000004,15.90625,3.29999971,27.3500004,7.2874999
21.8500004,12.5546875,0.0,25.4750004,-12.5249996
21.8500004,12.5546875,68.359993,25.4750004,-43.3687515
19.2250004,9.8046875,0.0,24.4125004,-2.6500001
19.6000004,9.4140625,0.0,25.1625004,-18.9312496
21.8500004,12.7890625,0.0299999975,26.5375004,0.912500024
23.4750004,12.546875,0.0,26.8500004,4.4749999
26.5375004,12.8515625,0.0,26.0375004,5.2874999
26.5375004,12.8515625,0.0,26.0375004,5.2874999
25.2875004,16.234375,1.55500007,26.5375004,-11.8374996
23.6625004,11.6640625,0.0,28.1000004,-44.4312515
24.9125004,13.2265625,0.0,28.9750004,-1.46249998
24.6000004,12.28125,0.0,28.4125004,11.3500004
24.6000004,12.28125,0.0,28.7875004,-6.2750001
24.6000004,12.28125,0.0399999991,28.7875004,-6.2750001
24.6000004,12.28125,0.239999995,28.7875004,-6.2750001
24.6000004,12.28125,1.21500003,28.7875004,-6.2750001
24.6000004,12.28125,0.0,28.7875004,-6.2750001
24.6000004,12.28125,0.0,28.7875004,-6.2750001
24.6000004,12.28125,0.0,28.7875004,-6.2750001
24.6000004,12.28125,0.0,28.7875004,-6.2750001
24.6000004,12.28125,0.0,28.7875004,-6.2750001
24.6000004,12.28125,0.0,28.7875004,-6.2750001
24.6000004,12.28125,26.2400017,28.7875004,-6.2750001
24.6000004,12.28125,0.0,28.7875004,-6.2750001
24.6000004,12.28125,21.3050003,28.7875004,-6.2750001
24.6000004,12.28125,2.51499987,28.7875004,-6.2750001
24.6000004,12.28125,4.31999969,28.7875004,-6.2750001
24.6000004,12.28125,0.0,28.7875004,-6.2750001
24.6000004,12.28125,0.0,28.7875004,-6.2750001
24.6000004,12.28125,0.0,28.7875004,-6.2750001
24.6000004,12.28125,3.51999998,28.7875004,-6.2750001
20.2250004,11.59375,0.0,23.9750004,-39.8375015
17.7875004,7.546875,0.0,22.9125004,-32.9000015
17.1000004,8.859375,0.579999983,22.2875004,-14.9624996
18.4750004,8.25,0.0,22.8500004,-28.1499996
20.0375004,13.9609375,1.625,24.6000004,-51.6812515
23.6625004,14.015625,0.0,24.8500004,-34.5250015
26.2250004,14.8828125,0.0,27.4125004,21.3500004
17.7250004,11.4921875,0.0,18.5375004,-1.46249998
17.7250004,11.4921875,0.0,18.5375004,-1.46249998
21.0375004,10.828125,0.0,23.3500004,-25.2124996
22.0375004,13.1484375,10.4849997,19.8500004,-35.9937515
15.0375004,6.2109375,0.0,18.9125004,-15.9624996
16.6000004,7.37890625,0.0,19.8500004,-33.7750015
20.9750004,8.921875,0.0,22.2250004,5.0999999
17.1000004,8.625,0.0,20.6625004,5.2874999
17.1000004,8.625,0.0,17.6000004,-55.7437515
12.6625004,5.19921875,0.0,17.7250004,-22.4624996
13.7875004,5.25390625,0.0,19.3500004,-54.9625015
16.3500004,5.78125,0.0,20.7875004,9.53750038
18.1000004,8.1796875,0.0,20.2250004,15.5375004
17.9125004,9.484375,0.0,21.9750004,-8.02499962
19.2875004,9.4765625,0.610000014,23.7875004,-32.4625015
22.6000004,10.8359375,0.0,23.2875004,17.9125004
20.7875004,12.0390625,0.0,26.1000004,-23.7124996
20.7875004,12.0390625,0.0549999997,26.1000004,-23.7124996
21.6625004,12.6796875,0.439999998,25.3500004,2.7249999
21.6625004,12.6796875,13.0100002,25.3500004,-31.4937496
21.6625004,12.6796875,24.6149979,14.9750004,-15.9624996
12.2250004,6.9296875,0.0700000003,17.7250004,-12.5249996
11.6000004,6.9609375,0.359999985,14.0375004,-6.9625001
10.2875004,5.328125,0.0,16.7875004,-12.3374996
10.2875004,5.328125,0.269999981,23.9125004,-15.5874996
12.2875004,7.24609375,0.0,15.1625004,-3.6500001
14.9125004,7.76953125,0.0,19.1000004,-2.5875001
15.1000004,7.3828125,13.9249992,16.6625004,-20.1812496
12.2875004,4.96484375,0.0,16.2875004,-5.9000001
15.2875004,7.44140625,0.0,17.9125004,4.5374999
20.6625004,10.28125,0.099999994,21.2250004,-5.9000001
14.1000004,6.703125,0.0,15.9125004,-44.0562515
15.5375004,10.0234375,0.5,16.4125004,7.3499999
15.5375004,10.0234375,1.75499988,16.4125004,7.3499999
13.2875004,6.06640625,0.0,17.2875004,-23.2749996
17.2250004,8.328125,1.6400001,22.8500004,-7.0250001
17.2250004,8.328125,11.7700014,22.8500004,-39.2125015
10.2875004,4.171875,0.0,15.9125004,-17.7749996
10.2875004,4.171875,0.239999995,15.1000004,-43.8062515
10.2875004,4.171875,21.3849983,15.1000004,-52.1187515
10.2875004,4.171875,8.01500034,9.03750038,-26.6499996
14.9750004,4.171875,1.98500013,7.9124999,-40.9625015
14.9750004,4.171875,1.42499995,8.91250038,-4.2125001
19.9750004,11.6953125,0.0,22.4125004,6.2249999
19.9750004,11.6953125,0.0199999996,12.4125004,-1.46249998
9.72500038,5.16796875,0.0,11.9125004,-24.5249996
9.72500038,5.16796875,2.01499987,11.9125004,-6.4000001
9.72500038,5.16796875,3.22000027,11.9125004,-19.3687496
8.97500038,6.078125,0.0,8.60000038,-1.52499998
8.97500038,6.078125,19.4549999,8.60000038,-1.52499998
4.9124999,3.50390625,2.02999997,9.22500038,-7.9625001
8.16250038,4.01953125,0.0,11.8500004,-2.7125001
8.16250038,4.01953125,3.0250001,11.8500004,-20.3999996
0.474999994,3.046875,0.0,0.224999994,-24.8999996
4.5374999,3.046875,1.54999971,-5.5250001,-30.8062496
15.9125004,7.19140625,0.0799999982,16.1000004,-3.9625001
15.9125004,7.19140625,0.0,18.2250004,-33.7125015
15.9125004,7.19140625,0.0,19.1625004,-13.2749996
15.9125004,7.19140625,0.0,19.9750004,-36.8687515
17.2875004,6.49609375,0.0,16.7875004,12.5375004
17.2875004,6.49609375,0.0,21.9125004,-21.3374996
17.1000004,7.97265625,0.389999986,18.3500004,-23.3999996
17.1000004,7.97265625,15.4200001,6.9749999,-23.2749996
17.1000004,7.97265625,0.0199999996,10.6625004,-32.0875015
9.85000038,5.3203125,0.0,11.2875004,-14.0874996
9.85000038,5.3203125,0.0,11.2875004,-14.0874996
9.85000038,5.3203125,7.57499981,11.2875004,-27.2749996
9.85000038,5.3203125,0.099999994,11.2875004,-11.7749996
-0.712499976,2.20507812,0.0149999997,-4.2750001,-26.0874996
0.349999994,2.19335938,0.0,6.8499999,-12.5874996
11.9750004,6.890625,0.0,9.66250038,-43.6812515
11.9750004,6.890625,2.67500019,12.5375004,-21.7437496
11.9750004,6.890625,0.049999997,12.5375004,-15.8999996
2.3499999,6.890625,2.52499986,-10.3374996,-28.3999996
2.3499999,6.890625,17.7399998,-10.3374996,-17.9937496
3.5374999,2.99609375,0.0,5.4749999,-9.14999962
6.3499999,5.7421875,10.1499996,1.72500002,-42.6500015
5.7249999,5.7421875,18.3149986,3.2249999,-5.9000001
5.7249999,5.7421875,0.0,3.2249999,-24.1812496
5.7249999,5.7421875,0.0,7.8499999,-8.02499962
6.8499999,4.5234375,0.0,9.91250038,-16.9624996
6.8499999,4.5234375,12.8400002,9.91250038,-16.9624996
6.8499999,4.5234375,0.0,9.91250038,-19.1187496
6.8499999,4.5234375,0.0,-10.2124996,-20.9937496
3.5374999,3.76953125,0.0,4.4124999,-16.6499996
3.5374999,3.76953125,4.80499983,4.4124999,-32.0250015
3.5374999,3.76953125,0.610000014,4.4124999,-9.89999962
3.5374999,3.76953125,0.430000007,-7.2125001,-10.2124996
3.5374999,3.76953125,0.304999977,-7.2125001,-8.21249962
3.5374999,3.76953125,0.514999986,0.537500024,-8.21249962
0.224999994,3.8125,0.300000012,-7.6500001,-16.3374996
0.662500024,3.8125,0.0449999981,0.349999994,-5.0250001
9.41250038,5.80859375,0.0,9.03750038,-39.1187515
9.41250038,5.80859375,1.80499983,9.03750038,-23.8374996
9.41250038,5.80859375,0.0199999996,9.03750038,-9.71249962
9.41250038,5.80859375,0.0,9.03750038,-23.3062496
-1.27499998,2.51757812,0.0,1.60000002,-23.8999996
-1.27499998,2.51757812,0.210000008,1.60000002,-23.8999996
-3.6500001,2.24414062,5.53500032,-0.275000006,-15.3374996
0.537500024,2.22070312,0.0,-1.33749998,-2.2750001
0.537500024,2.22070312,0.604999959,-5.7750001,-32.4000015
-1.52499998,3.65820312,4.75500011,-10.5249996,-23.8062496
1.47500002,2.95898438,0.0,4.3499999,-11.7749996
3.2874999,3.12109375,0.0,2.5374999,-13.2749996
5.9749999,4.10546875,0.719999969,2.5374999,-39.4000015
5.9749999,4.10546875,24.3100014,2.5374999,-48.0875015
5.9749999,4.10546875,73.195015,2.5374999,-39.0875015
5.9749999,4.10546875,0.0,2.5374999,-25.5874996
1.16250002,3.4609375,0.0,-6.1500001,-28.7437496
1.16250002,3.4609375,1.90999997,-6.1500001,-9.64999962
-3.5875001,1.86328125,0.0,-0.400000006,-14.0874996
8.28750038,5.30859375,10.1400003,3.1624999,-42.9625015
4.0374999,3.5703125,2.86999989,8.78750038,-33.4312515
4.0374999,3.5703125,5.34000015,8.78750038,-33.4312515
2.9749999,3.95898438,13.6850014,1.91250002,-4.5250001
1.22500002,4.1875,2.02499986,-12.5874996,-30.2437496
-0.462500006,4.1875,0.0,-5.9000001,-30.2437496
-1.46249998,4.09765625,0.0,-10.6499996,-14.9624996
1.85000002,4.34765625,0.155000001,-3.9000001,-13.5249996
1.85000002,4.34765625,1.58999968,-10.9624996,-13.5249996
1.85000002,4.34765625,0.0,-4.7125001,-13.5249996
-0.462500006,2.74804688,0.0,2.0374999,-29.3687496
-0.712499976,2.54492188,0.0,-6.2750001,-12.2124996
-3.2750001,2.95117188,1.07999992,-5.3375001,-17.3374996
-2.9000001,2.95117188,0.0799999982,-14.5249996,-17.3999996
-1.71249998,2.95117188,0.0,-10.7124996,-17.9624996
-1.71249998,2.95117188,0.0449999981,-10.7124996,-9.33749962
11.7250004,2.89257812,1.64999986,9.41250038,-50.1812515
-0.649999976,3.1875,5.9749999,-4.2750001,-26.4624996
-0.649999976,3.1875,0.155000001,-4.2750001,-26.4624996
-5.0875001,2.359375,1.2249999,-4.5250001,-16.8999996
-0.212500006,2.81054688,0.0,-4.4625001,-26.3062496
-4.2125001,1.41796875,0.0,-0.275000006,-16.7124996
-6.4625001,1.41796875,0.0,-0.275000006,-15.8374996
-6.4625001,1.41796875,0.0,-0.275000006,-31.3687496
-3.2125001,1.53027344,0.0,1.72500002,-16.7124996
-4.0875001,1.62988281,0.0,-6.0875001,-24.5249996
-1.96249998,2.08984375,0.0599999987,0.912500024,-16.8999996
-1.96249998,2.08984375,1.36499989,0.912500024,-19.1187496
0.412499994,2.65039062,0.0,2.5374999,-12.7124996
-5.5250001,1.41015625,0.0449999981,0.600000024,-18.4937496
-3.3375001,1.85644531,0.0,-3.9625001,-20.8062496
-4.4625001,1.80078125,0.0,-2.9000001,-12.0249996
-3.7750001,1.92480469,0.0,-7.9625001,-42.2750015
-1.21249998,2.85351562,1.52499998,-1.21249998,-16.0249996
-1.21249998,2.85351562,1.29999983,-1.21249998,-16.0249996
-4.5250001,2.35351562,1.26999986,-5.2750001,-31.2749996
2.4749999,3.50585938,0.0,1.53750002,-31.2749996
1.78750002,2.91992188,5.85499954,3.0999999,-11.5874996
-7.0250001,1.41796875,0.0,-3.2750001,-20.1187496
-7.0250001,1.41796875,0.0899999961,-3.2750001,-23.7749996
-6.7750001,1.84863281,0.0,-4.6500001,-17.8999996
-0.649999976,2.50390625,0.319999993,-2.0875001,-21.8062496
-5.2125001,1.60839844,0.0,-2.3375001,-20.3687496
-6.0875001,1.46875,0.0,-1.27499998,-16.9624996
-8.39999962,1.1015625,0.0,-11.2124996,-19.7749996
-1.52499998,3.84960938,0.36499998,-11.2124996,-34.5250015
-3.1500001,2.54101562,0.714999974,-5.6500001,-14.4624996
-2.7750001,2.54101562,0.464999974,-0.400000006,-8.89999962
-0.524999976,2.54101562,8.93999958,-3.4625001,-12.6499996
-5.2125001,1.51855469,0.0,-3.4000001,-14.7124996
-5.2125001,1.51855469,0.435000002,-3.4000001,-14.7124996
-2.7750001,2.73632812,0.0,-9.58749962,-13.2124996
-4.5250001,1.85351562,0.435000002,0.662500024,-19.2749996
-3.1500001,1.82324219,0.0449999981,-0.0874999985,-12.3999996
-3.1500001,1.82324219,7.82499981,-0.0874999985,-25.9312496
0.474999994,3.48242188,0.939999938,-13.0874996,-30.2124996
9.28750038,5.25390625,0.684999943,3.4749999,-34.7750015
-0.275000006,2.50585938,0.0899999961,3.0999999,-17.7749996
1.22500002,2.7578125,0.0,1.97500002,-18.9937496
1.22500002,2.7578125,1.6400001,1.97500002,-7.0250001
1.22500002,2.7578125,0.719999969,1.97500002,-49.9937515
-1.83749998,1.75976562,4.29500008,0.349999994,-24.8687496
-4.5875001,1.85449219,0.0,-3.2125001,-16.3374996
2.8499999,2.828125,0.229999989,3.2874999,-10.6499996
-3.0875001,1.71191406,0.0,0.787500024,-24.9624996
-3.5250001,1.54101562,0.00499999989,1.03750002,-11.4624996
-3.5250001,1.54101562,0.0149999997,1.03750002,-11.4624996
-2.8375001,1.69921875,0.0449999981,-0.0250000004,-23.5562496
5.5374999,3.97460938,0.0199999996,5.0999999,-18.4312496
6.1624999,3.72265625,0.210000008,4.6624999,-6.8375001
10.4125004,5.23828125,0.0,10.7250004,-21.8374996
13.2250004,6.76171875,0.0,13.1625004,-38.1500015
6.7874999,4.5546875,0.0299999993,7.9749999,-7.2750001
1.22500002,2.85351562,0.0,1.85000002,-7.2750001
-1.71249998,2.01953125,0.0,2.0999999,-19.8062496
-0.899999976,2.0703125,0.0,0.349999994,-9.83749962
1.78750002,3.57617188,0.0,-4.2125001,-21.8062496
7.8499999,4.609375,0.0,10.9125004,-6.0875001
7.8499999,4.609375,8.5,10.9125004,-40.6500015
1.72500002,2.49609375,0.504999995,4.4749999,-14.4624996
1.72500002,2.49609375,0.0,10.1625004,-24.8687496
8.28750038,4.765625,0.0,12.6000004,5.2249999
8.28750038,4.765625,0.0,12.6000004,5.2249999
7.0374999,5.71484375,0.0,4.2874999,-48.5250015
12.5375004,7.359375,11.1399994,6.6624999,-26.5874996
13.3500004,6.11328125,0.0,17.4125004,-22.4624996
13.3500004,6.11328125,7.42500019,1.72500002,-15.0249996
13.3500004,6.11328125,0.0,7.4124999,-1.64999998
13.3500004,6.11328125,14.0650005,3.9749999,-14.7124996
2.6624999,2.96875,0.0,6.2249999,-15.3999996
11.4750004,5.6171875,0.0,12.9750004,-24.1187496
11.4750004,5.6171875,9.75499916,12.9750004,-52.3687515
-0.649999976,3.24414062,1.57499993,12.9750004,-18.7124996
-0.649999976,3.24414062,0.0,2.4749999,-19.0249996
6.7249999,3.47070312,0.0,10.6000004,-24.0562496
9.78750038,5.015625,0.0,14.4750004,-11.9624996
10.7875004,4.05078125,0.0,12.5375004,-5.4625001
10.5375004,2.67578125,0.0,15.1000004,-27.1187496
10.5375004,2.67578125,0.359999985,15.1000004,-27.1187496
16.7250004,7.36328125,0.0,19.4125004,-1.64999998
16.7250004,7.36328125,1.1099999,9.60000038,-17.5562496
20.8500004,6.72265625,0.0,23.1625004,-39.8687515
20.8500004,6.72265625,7.00499916,23.1625004,-38.7437515
20.8500004,6.72265625,4.47000027,23.1625004,-15.6499996
13.7250004,5.75390625,2.91000009,19.9125004,-3.2125001
14.1000004,5.2421875,0.0,19.0375004,2.0374999
14.1000004,5.2421875,2.65999985,19.0375004,-28.4624996
3.6624999,4.58203125,0.0,-8.33749962,-22.5562496
7.0999999,4.64453125,0.275000006,11.2250004,-6.4625001
9.78750038,4.41015625,0.0,15.1625004,-4.5875001
11.1000004,4.625,0.129999995,14.5375004,-18.5562496
11.1000004,4.625,4.11999989,-2.0875001,-14.5249996
11.1000004,4.625,1.98500013,-2.0875001,-19.9312496
2.9749999,2.81054688,0.0,8.85000038,-17.0874996
2.9749999,2.81054688,0.0,8.85000038,-17.0874996
11.6000004,4.86328125,0.0,16.9750004,-11.4624996
5.7249999,5.140625,2.08999991,5.5374999,-5.7125001
5.0374999,2.50585938,0.179999992,11.6625004,-14.3999996
5.0374999,2.50585938,2.93499994,22.4750004,-33.4000015
5.0374999,2.50585938,11.2749996,22.4750004,-50.0250015
5.0374999,2.50585938,42.1199951,22.4750004,-48.6812515
5.0374999,2.50585938,4.73500013,22.4750004,-19.9624996
8.85000038,3.875,0.185000002,14.2250004,-21.0874996
8.85000038,3.875,8.5899992,14.2250004,-20.5249996
8.85000038,3.875,2.33999991,14.2250004,-19.5249996
8.85000038,3.875,3.80499983,30.7875004,-6.1500001
8.85000038,3.875,23.9400005,30.7875004,-6.1500001
11.7875004,3.79492188,0.0,15.4125004,-29.3374996
11.7875004,3.79492188,1.45500004,15.4125004,-29.8062496
6.9124999,4.62109375,3.38000011,1.60000002,-11.5874996
6.9124999,4.62109375,4.90999985,1.60000002,-11.5874996
8.10000038,4.93359375,3.81500006,14.1000004,-14.7124996
8.10000038,4.93359375,0.0899999961,16.8500004,-17.1499996
10.6000004,5.36328125,0.0,17.6625004,5.0999999
10.6000004,5.36328125,0.0,19.6000004,8.47500038
10.6000004,5.36328125,0.0,17.7875004,4.3499999
10.6000004,5.36328125,0.0,24.5375004,-8.96249962
10.6000004,5.36328125,0.0,29.2875004,-19.6187496
19.6000004,5.6171875,0.0,21.0375004,-4.4625001
19.6000004,5.6171875,0.0,17.2875004,-2.8375001
17.8500004,9.3984375,0.0,26.4750004,-36.9937515
17.8500004,9.3984375,0.00999999978,31.5375004,-19.6187496
17.8500004,9.3984375,0.0199999996,25.1625004,-24.8062496
17.8500004,9.3984375,0.514999986,19.3500004,-22.4624996
17.8500004,9.3984375,0.0,22.2250004,-2.9000001
20.8500004,6.8828125,0.0,23.6625004,-0.962499976
20.8500004,6.8828125,0.119999997,23.6625004,-0.962499976
20.8500004,6.8828125,7.21500015,17.7875004,-7.8375001
20.8500004,6.8828125,0.0,21.1625004,-6.7125001
20.8500004,6.8828125,22.8700008,21.1625004,-38.9625015
20.8500004,6.8828125,3.50500011,17.5375004,-10.0874996
20.8500004,6.8828125,1.005,12.4750004,-16.2749996
20.8500004,6.8828125,0.0,26.4750004,-6.9625001
20.8500004,6.8828125,0.554999948,26.4750004,-13.9624996
20.8500004,6.8828125,0.0,23.4750004,-31.3374996
20.8500004,6.8828125,7.34500027,23.4750004,-46.2125015
17.9750004,10.6640625,5.03000069,24.9750004,-1.83749998
17.9750004,10.6640625,0.0,30.2250004,-18.6812496
28.6000004,12.0625,0.0,26.8500004,-25.2437496
28.6000004,12.0625,2.92999959,29.2875004,-10.5874996
28.6000004,12.0625,19.5550003,12.7875004,-25.0249996
22.6000004,14.8984375,0.424999952,26.1625004,10.0375004
22.6000004,14.8984375,0.0,26.1625004,10.0375004
19.4125004,11.6953125,0.0,27.7875004,-4.3375001
19.4125004,11.6953125,0.124999993,26.6000004,-2.2750001
24.1000004,9.2421875,0.0,30.1625004,-12.0874996
24.1000004,9.2421875,5.75,21.4750004,-34.9625015
24.1000004,9.2421875,0.0,8.91250038,-3.4625001
17.6625004,5.328125,0.0,21.4750004,-5.5250001
19.3500004,6.59375,0.0,21.5375004,-18.7437496
19.3500004,6.59375,2.04499984,14.9750004,-35.7125015
19.3500004,6.59375,4.07999992,20.9125004,-7.2125001
19.4750004,10.8515625,5.57999945,27.4750004,-9.39999962
19.4750004,10.8515625,9.21500015,28.2875004,-32.9625015
19.4750004,10.8515625,2.32500005,28.2875004,-38.4000015
14.9750004,5.671875,0.0,22.4750004,-4.9625001
14.9750004,5.671875,0.0,28.8500004,4.9749999
14.9750004,5.671875,0.0,26.7875004,-42.9625015
14.9750004,5.671875,0.805000067,26.7875004,-42.9625015
14.9750004,5.671875,0.00499999989,29.9750004,-23.8062496
14.9750004,5.671875,0.224999994,28.7875004,15.7250004
27.9125004,14.296875,10.1299992,29.2250004,14.0375004
27.9125004,14.296875,35.8449974,25.1000004,-34.4625015
27.9125004,14.296875,1.84500003,23.9750004,-46.5875015
27.9125004,14.296875,5.17999983,24.7250004,-7.6500001
27.9125004,14.296875,1.1450001,12.6625004,-21.6499996
22.0375004,8.703125,0.0,25.2875004,2.2874999
26.9125004,12.8515625,0.0,28.6625004,18.6000004
23.2250004,15.7890625,23.9799995,24.6625004,-25.8999996
23.2250004,15.7890625,2.56500006,22.4750004,-15.7124996
21.6000004,13.734375,10.8849993,18.5375004,-20.7124996
24.6000004,12.5859375,4.10999966,26.4750004,-4.0250001
24.6000004,12.5859375,0.0,22.3500004,2.4749999
24.6000004,12.5859375,17.3899994,22.3500004,-33.6812515
24.6000004,12.5859375,17.5150051,22.3500004,-33.6812515
22.7250004,16.40625,1.625,27.0375004,-19.6812496
22.7250004,16.40625,21.6299992,24.9750004,-0.962499976
25.5375004,12.609375,0.0,26.6625004,6.5374999
25.5375004,12.609375,0.694999993,26.6625004,-23.8687496
25.5375004,12.609375,25.0449982,26.6625004,-30.4312496
22.8500004,12.2578125,14.7449999,25.2250004,-3.5250001
23.4750004,12.578125,0.0,25.1625004,19.2875004
22.6625004,11.828125,3.79999995,26.6000004,3.9124999
19.9750004,10.1953125,3.28999972,22.5375004,7.7874999
18.8500004,9.3984375,0.0849999934,22.9125004,-19.8062496
20.1000004,9.984375,0.0,25.1625004,-28.9312496
20.1000004,9.984375,0.274999976,20.7875004,-36.4312515
22.6000004,11.84375,4.43999958,26.2875004,12.9750004
25.2875004,10.0859375,0.0,26.7250004,2.4749999
25.2875004,10.0859375,11.7299995,26.7250004,-21.2124996
25.2875004,10.0859375,0.0,26.7250004,-21.2124996
25.2875004,10.0859375,9.72999859,26.7250004,-13.0249996
17.6000004,8.5546875,0.0,22.1000004,3.7249999
17.3500004,7.98828125,0.0,21.5375004,-5.9625001
17.3500004,7.98828125,23.2500019,20.7250004,-38.4000015
18.2875004,7.8359375,1.625,23.1625004,-40.0250015
20.9750004,10.421875,0.0,24.6625004,7.4124999
23.9125004,9.828125,0.0,24.9125004,-24.8687496
21.7875004,12.03125,0.0,26.7250004,13.2875004
23.8500004,11.28125,0.0,28.1625004,-39.9312515
23.9750004,13.9453125,0.410000026,26.6000004,-36.3062515
26.1625004,14.234375,1.33500004,27.5375004,-43.5562515
24.6625004,14.4375,0.204999983,29.4125004,-10.8374996
24.6000004,17.09375,1.00999999,26.7875004,-1.33749998
27.6625004,16.109375,1.5400002,29.8500004,-48.7125015
27.6625004,16.109375,1.76499987,27.7250004,-25.7124996
27.6625004,16.109375,0.314999998,27.7250004,-25.7124996
20.0375004,10.25,5.1500001,25.8500004,-4.7125001
20.7250004,9.234375,0.304999977,25.2250004,-41.9312515
21.1625004,11.7265625,0.0,27.3500004,-50.1812515
23.4125004,16.90625,28.7199974,20.9750004,-34.7750015
23.4125004,16.90625,35.204998,20.9750004,-39.5562515
22.9125004,13.75,32.7099991,16.5375004,-16.2124996
24.9750004,13.5625,0.0849999934,25.9125004,-37.8687515
23.9125004,16.015625,10.3349981,27.9750004,-23.5874996
24.7250004,15.59375,0.0,27.2250004,-19.7749996
22.3500004,15.453125,0.0,24.9750004,9.60000038
24.7250004,12.1015625,0.0,28.6625004,4.9749999
26.3500004,15.90625,0.0,30.2250004,-31.8999996
26.1625004,16.5625,0.00999999978,29.2875004,-0.150000006
23.6000004,14.578125,0.930000007,25.7250004,20.7875004
24.4750004,15.859375,0.0,25.9125004,-8.89999962
24.4750004,15.859375,1.92999983,25.9125004,-8.89999962
21.7250004,12.8828125,1.10500002,27.1000004,-25.3374996
20.9750004,11.296875,0.0,24.0375004,-39.4625015
20.9750004,11.296875,10.6199999,24.0375004,-37.9625015
20.9750004,11.296875,0.0,24.0375004,2.6624999
17.4750004,9.0234375,0.0849999934,20.5375004,3.4124999
20.0375004,10.046875,0.0,25.4750004,1.16250002
20.0375004,10.046875,8.33000088,10.2875004,0.0375000015
17.4750004,9.546875,0.359999985,20.7250004,-1.46249998
20.2875004,9.6015625,0.0,24.1625004,4.8499999
19.9750004,10.6171875,3.49499989,22.4125004,-17.0874996
18.2250004,9.1015625,0.494999975,21.4750004,-27.6812496
16.7875004,7.84375,0.0,20.6625004,-9.33749962
19.2250004,10.015625,0.0,24.3500004,-1.33749998
19.2250004,10.015625,0.764999986,11.4750004,-26.0874996
19.7875004,10.2265625,20.2699986,23.4125004,-20.0249996
19.7875004,10.2265625,0.204999983,23.4125004,-20.0249996
19.7875004,10.2265625,22.1100006,16.2875004,-29.9312496
19.4125004,8.8828125,4.53000021,24.3500004,13.8500004
22.0375004,13.6875,0.0,23.7250004,11.7250004
19.2250004,10.7578125,0.0,23.2250004,0.787500024
18.7250004,7.96484375,0.0,22.5375004,14.1000004
21.2875004,10.859375,0.0,24.6625004,-36.5875015
21.2875004,10.859375,0.0949999988,25.2875004,-41.5562515
21.2875004,10.859375,10.3500004,25.2875004,-25.3687496
21.2875004,10.859375,20.1049995,25.2875004,-37.4000015
14.7250004,8.53125,0.0,17.4125004,1.85000002
18.6000004,7.625,0.0,23.2875004,-29.0874996
15.6625004,7.28125,0.439999998,19.7250004,-5.9000001
18.8500004,10.390625,11.0499992,21.5375004,-12.2124996
15.7250004,7.28125,0.049999997,17.6000004,-2.5875001
15.6625004,8.0546875,0.0,18.4750004,-1.52499998
15.6625004,8.0546875,0.0,18.4750004,-1.52499998
15.2250004,7.68359375,0.0,18.7875004,4.9749999
18.5375004,10.625,0.24000001,20.8500004,-6.0875001
16.1625004,11.5859375,8.64999962,8.10000038,-12.7124996
15.0375004,9.5546875,25.9549942,12.7875004,-17.3062496
15.7250004,10.3671875,9.4100008,11.9750004,7.0374999
16.3500004,10.0,0.0,17.1000004,8.72500038
16.3500004,10.0,0.0,21.9750004,17.4750004
19.5375004,10.234375,0.0700000003,22.0375004,-33.9000015
19.5375004,10.234375,0.0,8.47500038,-33.8375015
19.2250004,11.203125,0.444999993,19.6000004,1.66250002
21.0375004,11.390625,0.0700000003,24.1625004,-37.3375015
21.1000004,11.9921875,0.0,22.3500004,5.7874999
20.7250004,10.6328125,0.0,17.6000004,7.1624999
19.3500004,11.828125,0.0,21.1625004,-27.6187496
17.0375004,10.265625,1.03499997,15.4750004,-15.8374996
17.0375004,10.265625,38.0649986,15.4750004,-15.8374996
10.7875004,5.76953125,2.06999993,10.7250004,-18.6499996
10.7875004,5.76953125,4.24499989,4.3499999,-8.14999962
14.6625004,7.3828125,0.0,17.1625004,4.3499999
16.9750004,8.203125,0.875,20.4125004,-18.8999996
16.2250004,7.83203125,7.54500008,14.9125004,-37.4625015
16.2250004,7.83203125,12.4549999,5.1624999,-15.8999996
16.2250004,7.83203125,0.215000004,8.60000038,-15.1499996
11.5375004,6.44921875,0.0,14.6625004,-17.1499996
13.8500004,8.9453125,9.30500031,8.97500038,-21.6499996
13.8500004,8.9453125,67.3000107,8.97500038,-41.5875015
12.8500004,7.09765625,2.81999969,13.9750004,-16.0249996
12.7875004,7.6796875,0.0,14.4750004,-30.1187496
11.2875004,7.59765625,0.224999994,14.4750004,-8.77499962
11.2875004,7.59765625,9.64500046,14.4750004,-13.4624996
11.2875004,7.59765625,0.339999974,5.9749999,-11.8374996
11.2875004,7.59765625,0.0,5.9749999,-11.8374996
6.8499999,4.31640625,0.550000012,10.2250004,-13.0249996
5.1624999,3.9921875,0.0,6.8499999,-18.4624996
6.0999999,4.1171875,0.0,10.9125004,-19.0249996
6.0999999,4.1171875,0.0,10.8500004,-12.2124996
8.16250038,5.203125,0.0,10.9750004,1.72500002
12.7250004,5.95703125,0.0,13.6000004,-4.4625001
12.9125004,7.26171875,0.0,14.1625004,10.1000004
11.7875004,6.68359375,0.0,13.3500004,-9.39999962
11.7875004,6.68359375,4.93499994,11.6625004,-63.3062515
9.85000038,6.71484375,0.539999962,12.9750004,-43.1812515
8.10000038,5.12890625,53.3700027,12.2875004,-10.5874996
3.6624999,3.34570312,4.38999987,0.224999994,-33.8062515
6.3499999,4.34375,3.43499994,-1.71249998,-15.8999996
4.5999999,3.2890625,1.14499998,3.7874999,-17.7437496
1.78750002,3.36914062,0.0,7.5374999,-13.2124996
1.78750002,3.36914062,0.140000001,7.5374999,-13.2124996
1.78750002,3.36914062,7.67499924,-5.5250001,-30.1499996
1.78750002,3.36914062,0.544999957,6.6624999,-17.2749996
5.5374999,4.94140625,0.0,-0.712499976,-34.3062515
6.4124999,5.09765625,4.21499968,3.9749999,-38.2125015
6.4124999,5.09765625,0.0,5.5999999,-17.1812496
0.100000001,2.53125,0.0,4.2874999,-15.5874996
7.1624999,5.890625,0.0,5.4749999,-10.7124996
8.53750038,6.8671875,1.25499988,-0.524999976,-22.7437496
8.53750038,6.8671875,7.7699995,-0.524999976,-23.8374996
1.16250002,2.95898438,0.0,5.5374999,-10.9624996
1.16250002,2.95898438,0.13499999,5.5374999,-20.5562496
1.53750002,2.60742188,0.0,4.4749999,-10.9624996
1.53750002,2.60742188,0.36499998,-9.83749962,-29.3062496
6.0374999,4.41796875,0.0350000001,5.4749999,-14.5874996
4.2874999,4.41796875,4.625,-1.52499998,-9.96249962
4.2874999,4.41796875,0.0949999988,-1.52499998,-9.96249962
0.224999994,3.56640625,0.0,4.3499999,-16.5249996
1.72500002,4.04296875,0.620000005,-4.7125001,-32.4937515
1.72500002,4.04296875,15.6100006,-4.7125001,-43.2125015
1.72500002,4.04296875,0.0,-14.8999996,-33.8062515
-1.64999998,2.87304688,0.349999994,-14.8999996,-34.9000015
2.7874999,3.5703125,0.0949999988,-4.8375001,-36.4625015
2.7874999,3.5703125,0.415000021,-4.8375001,-27.9937496
2.7874999,3.5703125,32.9249992,10.6625004,-54.1500015
4.3499999,3.28710938,0.0,6.7874999,-12.9624996
5.9124999,3.80859375,0.0,8.22500038,-10.0874996
5.9124999,3.80859375,0.0,7.1624999,-39.9312515
5.9124999,3.80859375,6.08500004,7.1624999,-37.2437515
5.9124999,3.80859375,5.3499999,12.4750004,-42.8375015
5.9124999,3.80859375,0.0,12.4750004,-5.9000001
5.9124999,3.80859375,5.06999969,12.4750004,-29.5249996
5.9124999,3.80859375,0.959999919,12.4750004,-29.5249996
2.1624999,4.07421875,0.0,0.975000024,-22.5249996
6.0999999,3.53710938,0.0,4.1624999,-7.1500001
-0.587499976,2.11914062,0.0,2.3499999,-17.4312496
-2.6500001,1.83203125,0.0,-1.71249998,-17.3687496
2.2249999,4.23046875,0.704999924,-1.27499998,-23.5874996
4.5999999,5.0625,12.0000029,-2.9000001,-10.6499996
4.5999999,5.0625,0.830000043,-2.9000001,-10.1499996
-1.52499998,5.0625,0.74999994,-2.9000001,-14.7749996
-1.52499998,5.0625,3.42499995,-3.7125001,-33.9937515
1.85000002,5.0625,1.77499986,-4.3375001,-14.7124996
4.4124999,5.0625,0.370000005,0.349999994,-11.0874996
2.4749999,5.0625,0.0,2.0999999,-6.5250001
2.4749999,5.0625,3.9749999,2.0999999,-45.3687515
2.4749999,5.0625,7.69499969,-6.0875001,-15.8999996
-1.27499998,2.68554688,0.0,-0.899999976,-14.2124996
-1.27499998,2.68554688,0.0,-0.899999976,-14.2124996
1.53750002,4.30859375,0.550000012,-9.39999962,-40.4312515
1.53750002,4.30859375,0.0,-9.39999962,-18.4937496
-4.5875001,1.79492188,0.0,-4.9625001,-17.8687496
-1.71249998,2.61914062,0.0,-3.3375001,-14.6499996
5.4124999,2.61914062,10.4899998,-9.96249962,-17.1499996
-5.8375001,1.59765625,0.0,-4.4000001,-24.6812496
-10.3999996,0.81640625,0.0,-10.8374996,-17.8999996
-0.649999976,3.69921875,0.0,-7.6500001,-27.7437496
-0.649999976,3.69921875,0.0,-7.6500001,-21.5874996
-2.0250001,1.65429688,0.519999981,-1.02499998,-11.2749996
-10.2124996,1.72558594,0.0,-10.5874996,-18.3999996
-3.6500001,2.51757812,0.0,-1.52499998,-9.21249962
-4.5250001,2.51757812,21.2150002,-9.52499962,-24.9937496
-4.0250001,2.62890625,0.0,-3.0250001,-14.3374996
-1.96249998,2.62890625,1.54499996,-3.0250001,-9.08749962
-1.96249998,2.62890625,0.179999992,-3.0250001,-9.08749962
-6.8375001,1.30273438,0.0,-7.7750001,-13.8999996
-3.7750001,1.33691406,0.0,-6.9625001,-32.6500015
-10.7124996,1.66601562,0.550000012,-16.1499996,-33.3062515
-8.08749962,1.85546875,0.199999988,-12.2749996,-30.9312496
-4.8375001,2.00390625,0.0,-0.962499976,-18.7437496
-7.7750001,1.13671875,0.0,-5.6500001,-17.6187496
-0.462500006,3.27539062,0.0,-5.0250001,-40.1500015
-5.7125001,1.59082031,0.725000024,-4.5875001,-32.9937515
-7.0250001,1.29492188,0.0,-10.3999996,-32.4625015
-5.2750001,1.37695312,0.0,-5.7750001,-16.8999996
-1.14999998,1.859375,0.299999982,-0.712499976,-12.0249996
0.100000001,3.09765625,0.0,-1.14999998,-28.3687496
6.5374999,4.5390625,3.05499983,-3.5250001,-33.0875015
6.5374999,4.5390625,23.3999977,-3.5250001,-46.5250015
-2.1500001,2.97070312,14.9350014,-8.96249962,-24.8687496
-2.1500001,2.97070312,0.155000001,-8.96249962,-24.8687496
-3.7750001,2.79882812,0.0,-1.33749998,-6.1500001
2.5999999,2.84570312,0.264999986,-4.1500001,-44.2437515
0.412499994,1.71777344,0.534999967,-7.8375001,-16.0874996
0.412499994,1.71777344,0.0,-7.8375001,-16.0874996
2.2874999,3.64453125,0.179999992,-1.02499998,-23.6499996
3.5374999,3.69335938,1.74499989,-0.962499976,-31.0562496
-0.212500006,3.05273438,1.99500012,-0.212500006,-18.6812496
-5.6500001,1.75976562,0.485000014,-6.4000001,-25.1812496
-7.4000001,2.015625,0.0,-8.02499962,-24.8374996
-4.1500001,1.56542969,0.0,-1.08749998,-16.2749996
5.4124999,5.05078125,0.329999983,2.2874999,-43.8375015
5.4124999,5.05078125,13.2649984,2.2874999,-55.1812515
-3.4625001,2.45507812,14.9049988,-6.5250001,-13.8374996
-3.4625001,2.45507812,0.129999995,-1.33749998,-29.2749996
0.0375000015,3.3203125,0.0149999997,0.600000024,-15.7749996
0.0375000015,3.3203125,0.0599999987,0.600000024,-15.7749996
0.0375000015,3.3203125,21.9099998,0.600000024,-49.3687515
0.0375000015,3.3203125,1.52499986,0.600000024,-12.5874996
-1.58749998,2.53515625,0.370000005,-1.08749998,-18.3687496
-3.5875001,2.53515625,9.0,-10.7124996,-14.4624996
-1.52499998,2.515625,0.0850000009,-1.39999998,-12.9624996
1.03750002,2.94921875,0.815000057,-6.0250001,-27.7749996
-5.7750001,2.94921875,0.0,-8.27499962,-35.2125015
1.72500002,3.83007812,0.199999988,-15.8374996,-38.5250015
2.5374999,3.48242188,0.0199999996,0.975000024,-6.5875001
-3.2750001,2.0390625,1.49000001,-0.150000006,-22.3062496
-0.962499976,2.74414062,0.0,-1.64999998,-21.0562496
-0.962499976,2.74414062,0.380000055,-1.64999998,-21.0562496
13.2250004,6.73046875,8.12999916,10.0375004,-0.337500006
13.2250004,6.73046875,15.3999996,10.0375004,-51.3687515
2.1624999,2.63671875,0.0,2.9124999,-10.9624996
2.1624999,2.63671875,1.05499995,2.9124999,-27.2749996
3.9749999,3.09179688,0.0,3.0999999,-17.0249996
5.5999999,3.8515625,0.0,-1.64999998,-35.9937515
5.5999999,3.8515625,6.63499928,-1.64999998,-26.8062496
-2.7750001,2.3671875,0.0850000009,-4.4000001,-20.9624996
8.22500038,4.45703125,0.0,9.78750038,-16.8374996
8.22500038,4.45703125,3.17999935,9.78750038,-36.2437515
8.72500038,5.6796875,0.0,8.85000038,-13.5249996
13.7875004,6.5390625,0.0,13.7875004,-0.962499976
14.3500004,6.33203125,0.0,16.1000004,1.35000002
15.7875004,6.5078125,28.2049999,15.3500004,-30.0249996
5.9124999,4.87109375,0.155000001,-10.3374996,-19.6812496
5.2874999,3.40820312,0.0,9.10000038,-11.2124996
6.7874999,2.93554688,0.0,9.47500038,-26.1187496
6.7874999,2.93554688,1.13999987,9.47500038,-26.1187496
8.66250038,6.4140625,1.35500002,14.1000004,-5.0250001
8.66250038,6.4140625,1.62499988,14.1000004,-14.5249996
3.1624999,4.4609375,0.0,4.3499999,-9.14999962
-1.33749998,3.57226562,0.00999999978,-5.1500001,-20.1187496
-4.2750001,1.84570312,0.38499999,-9.52499962,-24.9312496
0.725000024,2.51953125,0.0,1.78750002,-15.8374996
0.725000024,2.51953125,0.669999957,1.78750002,-17.8062496
0.725000024,2.51953125,17.7099991,1.78750002,-17.8062496
0.725000024,2.51953125,0.0,1.78750002,-17.8062496
0.725000024,2.51953125,0.0,1.78750002,-17.8062496
0.725000024,2.51953125,1.43999994,1.78750002,-17.8062496
0.725000024,2.51953125,0.0,1.78750002,-17.8062496
0.725000024,2.51953125,0.0,1.78750002,-17.8062496
0.725000024,2.51953125,0.0,1.78750002,-17.8062496
0.725000024,2.51953125,27.8099976,1.78750002,-17.8062496
0.725000024,2.51953125,3.86999989,1.78750002,-17.8062496
0.725000024,2.51953125,12.6700001,1.78750002,-17.8062496
0.725000024,2.51953125,0.0,1.78750002,-17.8062496
0.725000024,2.51953125,0.0,1.78750002,-17.8062496
0.725000024,2.51953125,10.6349993,1.78750002,-17.8062496
0.725000024,2.51953125,3.34000015,1.78750002,-17.8062496
0.725000024,2.51953125,8.40500069,1.78750002,-39.3375015
0.725000024,2.51953125,0.860000014,13.6000004,-28.4937496
7.2249999,4.08203125,3.35499954,2.5374999,-24.1499996
7.2249999,4.08203125,0.0,2.5374999,-24.1499996
7.2249999,4.08203125,5.80000019,1.53750002,-43.6500015
7.2249999,4.08203125,15.9449987,1.53750002,-20.3687496
7.6624999,3.62695312,0.0,12.6625004,-13.0249996
7.6624999,3.62695312,2.66999984,12.6625004,-13.4624996
11.8500004,4.078125,0.0,12.1625004,-9.46249962
11.8500004,4.078125,1.5,12.1625004,-24.3062496
23.3500004,7.7890625,0.0,22.6000004,-26.9624996
21.9125004,9.6328125,0.0,27.1625004,-13.2749996
21.9125004,9.6328125,5.27999973,27.1625004,-35.6187515
4.4749999,3.79296875,0.0,6.7249999,-11.5249996
5.5374999,2.75976562,0.00999999978,11.1000004,-2.8375001
5.5374999,2.75976562,0.0,13.9125004,-8.08749962
5.5374999,2.75976562,0.0,16.2250004,2.9749999
5.5374999,2.75976562,0.0,20.4750004,-50.7125015
5.5374999,2.75976562,5.75,20.4750004,-11.0874996
5.5374999,2.75976562,3.97000027,20.4750004,-11.0874996
5.5374999,2.75976562,25.5750008,19.8500004,-21.5562496
5.5374999,2.75976562,0.0,23.6000004,-48.1500015
5.5374999,2.75976562,0.0,23.6000004,-44.4000015
5.5374999,2.75976562,0.0,22.6000004,-28.3687496
16.7250004,4.13671875,0.0,18.8500004,1.28750002
20.4750004,3.99804688,0.0,21.7875004,8.53750038
20.4750004,3.99804688,0.0,24.2875004,-4.7750001
25.7875004,5.5546875,0.0,24.2250004,0.412499994
26.0375004,6.28125,0.0,25.7875004,-44.2750015
24.7250004,10.953125,0.0,25.3500004,8.53750038
25.1000004,12.4609375,0.0,30.6000004,-28.8374996
25.1000004,12.4609375,0.24499999,22.2875004,-15.7124996
25.1000004,12.4609375,8.7300005,22.2875004,-15.7124996
25.1000004,12.4609375,0.0299999993,15.4125004,-3.8375001
7.5999999,4.9921875,0.0,17.0375004,-35.2750015
7.5999999,4.9921875,1.49499989,17.0375004,-6.9625001
7.5999999,4.9921875,0.0,20.3500004,-29.9937496
7.5999999,4.9921875,0.0,30.4125004,-7.1500001
7.5999999,4.9921875,3.76999998,30.4125004,-19.8687496
11.5375004,7.08203125,0.0,15.0375004,-32.8687515
11.5375004,7.08203125,0.0,17.1000004,-32.5562515
11.5375004,7.08203125,0.0,17.6000004,-23.9312496
11.5375004,7.08203125,1.44499993,17.6000004,-23.9312496
11.5375004,7.08203125,13.8249989,16.9125004,-23.3687496
11.5375004,7.08203125,0.264999986,23.4750004,12.7875004
20.6000004,8.09375,0.0,21.5375004,2.1624999
28.9750004,11.59375,0.0,25.4750004,-0.712499976
28.9750004,11.59375,0.0,29.7250004,-18.3999996
28.9750004,11.59375,29.3499985,29.7250004,-47.5562515
28.9750004,11.59375,0.0149999997,16.6625004,-39.7750015
18.6000004,8.1484375,0.0,22.1000004,-8.77499962
18.6000004,8.1484375,0.0,20.4125004,-38.6187515
17.9125004,6.3515625,0.0,25.1000004,3.9749999
17.9125004,6.3515625,0.0249999985,17.6625004,-40.9000015
17.9125004,6.3515625,12.2650013,17.6625004,-39.7125015
17.9125004,6.3515625,5.875,18.3500004,-12.7749996
17.9125004,6.3515625,16.9999981,18.3500004,-9.89999962
14.1000004,7.33203125,0.0,20.2875004,-2.7750001
15.2250004,8.6875,0.0,23.8500004,-19.4624996
15.2250004,8.6875,2.9349997,23.8500004,-10.7749996
15.2250004,8.6875,1.36000001,20.4750004,-12.0249996
22.1625004,10.6484375,0.0,23.6625004,8.53750038
22.1625004,10.6484375,0.0700000003,25.9125004,-13.5874996
27.6625004,15.7734375,22.2150002,27.7250004,-32.3687515
22.6625004,9.5625,0.0,22.4750004,4.2874999
22.6625004,9.5625,0.00499999989,22.4750004,2.7249999
22.6625004,9.5625,0.0,21.1000004,3.0374999
21.0375004,9.890625,0.0,16.6000004,-19.7437496
21.0375004,9.890625,0.994999945,25.0375004,-29.3999996
23.8500004,16.40625,0.0,24.8500004,15.8500004
23.8500004,16.40625,1.9599998,24.9750004,8.91250038
26.3500004,9.1015625,0.0,26.7250004,14.1000004
26.7875004,10.4609375,0.0,27.5375004,-19.2124996
28.3500004,13.8359375,9.29500008,34.7249985,-29.9312496
28.3500004,13.8359375,0.850000024,25.1000004,-12.8374996
17.6000004,9.6953125,0.0,23.2250004,-9.77499962
17.6000004,9.6953125,0.769999981,23.2250004,-35.8062515
17.6000004,9.6953125,0.0,26.6625004,-25.5874996
17.6000004,9.6953125,0.305000007,36.1624985,-22.8374996
17.6000004,9.6953125,9.07999992,24.4750004,-21.5874996
17.7250004,9.8203125,0.0,25.2250004,-8.02499962
17.7250004,9.8203125,0.0,25.2250004,-8.02499962
17.7250004,9.8203125,9.38499928,25.2250004,-4.7125001
17.7250004,9.8203125,0.0,22.5375004,1.28750002
21.6000004,11.265625,0.0,27.0375004,-24.7124996
21.6000004,11.265625,0.0,29.1625004,-24.7749996
22.1000004,7.53125,0.0,23.9750004,-13.0249996
23.2250004,9.46875,0.0,26.9750004,-4.0875001
23.2250004,9.46875,0.0,26.5375004,-2.9625001
25.4125004,11.2890625,0.904999971,25.7875004,-3.4625001
25.4125004,11.2890625,2.03999996,26.7250004,-2.7125001
19.9750004,9.78125,0.0549999997,25.2875004,-0.524999976
19.9750004,9.78125,0.0,27.4125004,-14.0249996
22.8500004,9.71875,0.334999979,28.2250004,-32.8375015
22.8500004,13.484375,0.0,36.0999985,-42.9625015
22.8500004,13.484375,30.8400002,12.0375004,-35.4312515
22.9125004,14.9921875,0.0,28.1625004,-10.6499996
26.6000004,15.6796875,0.210000008,28.7250004,-18.6187496
21.5375004,14.9296875,1.07499993,27.1625004,3.5999999
24.1625004,12.6015625,0.0,29.2875004,4.3499999
28.5375004,12.6640625,0.219999999,30.0375004,-32.0250015
28.5375004,12.6640625,5.625,28.3500004,-10.9624996
28.5375004,12.6640625,15.8699989,24.6625004,13.1000004
19.6625004,10.796875,0.0,25.1000004,-20.3374996
19.6625004,10.796875,0.0,25.1000004,-20.3374996
19.6625004,10.796875,1.36500001,21.5375004,-22.7437496
19.2875004,8.953125,0.0,25.6000004,9.60000038
19.2875004,8.953125,0.0,22.7875004,11.3500004
21.7250004,12.65625,0.0,26.1000004,-41.7125015
21.7250004,12.65625,0.00499999989,27.7250004,2.0999999
21.5375004,12.78125,0.294999987,25.8500004,12.6625004
25.9125004,13.5546875,0.0,26.6000004,-39.4312515
23.7250004,16.609375,4.13000011,27.2875004,-23.4624996
26.3500004,15.390625,27.7649994,28.2875004,-22.5874996
26.4750004,18.390625,0.910000026,29.4750004,18.1625004
25.9750004,15.75,0.0,28.9125004,-39.3375015
25.9750004,15.75,6.33499908,28.2875004,-1.08749998
25.9750004,15.75,0.870000005,11.6000004,11.0375004
20.2250004,11.6875,0.0,25.2250004,-1.27499998
19.4750004,13.0703125,0.0,26.2875004,-3.0250001
19.4750004,13.0703125,0.0,25.7250004,-14.8374996
19.9750004,8.5,0.0,25.7250004,-3.2750001
21.2875004,9.2265625,0.0,27.4750004,-6.9000001
22.2875004,10.8984375,0.0,26.6625004,-20.4312496
23.7250004,11.359375,2.27999997,26.2250004,-32.9625015
23.7250004,11.359375,2.42999983,24.9125004,-36.3375015
20.6000004,11.2421875,0.114999995,26.6000004,-30.1187496
20.6000004,11.2421875,0.0,26.6000004,-30.1187496
24.9125004,13.2890625,0.0899999961,29.1000004,-1.64999998
22.6625004,12.8203125,27.034996,26.4125004,-31.3687496
22.6625004,12.8203125,11.9749985,23.8500004,-12.5874996
21.1625004,13.1328125,0.215000004,17.7875004,-22.4937496
22.7875004,11.4296875,0.0,26.3500004,16.0375004
23.1625004,13.0234375,0.0,26.6625004,-16.5249996
23.1625004,13.0234375,0.964999974,23.1625004,-5.5250001
21.2875004,9.7109375,0.0,24.9125004,13.6625004
25.0375004,13.5,0.0,28.2250004,-40.0875015
25.9750004,16.0625,0.0,29.9125004,4.3499999
25.9750004,16.0625,9.96999931,29.9125004,-22.2437496
18.4125004,9.0625,0.694999933,22.6625004,1.66250002
16.6000004,8.3046875,0.0,22.6625004,7.5374999
21.9750004,11.859375,0.0,25.7875004,20.0375004
23.7875004,13.3359375,0.0,25.5375004,-12.3999996
20.0375004,11.71875,0.0299999993,18.7250004,-45.2125015
20.0375004,11.71875,27.4699974,18.7250004,-27.5562496
20.9125004,13.3671875,0.0399999991,14.0375004,7.5999999
17.6000004,11.25,0.0399999991,11.2250004,3.4749999
20.7250004,11.8828125,0.0,24.7875004,-6.0250001
22.7875004,10.8125,0.0,24.7875004,22.0375004
21.8500004,11.2265625,1.11000001,26.1000004,-34.7750015
21.8500004,11.2265625,8.70499897,26.1000004,-34.7750015
18.6625004,13.3046875,0.0449999981,16.2250004,-9.58749962
19.1000004,9.8828125,1.09500003,19.7875004,-3.0250001
19.2250004,11.6171875,0.0,21.4750004,1.03750002
17.4125004,7.234375,0.0,20.2250004,-30.6499996
17.4125004,7.234375,0.0,8.78750038,-0.150000006
21.8500004,12.15625,0.0199999996,24.2250004,-12.3374996
21.8500004,12.15625,0.75999999,23.4750004,-19.8999996
21.8500004,12.15625,21.7849979,23.4750004,-45.5562515
14.9125004,12.15625,1.4849999,15.4125004,6.5374999
22.9750004,13.1171875,0.0,26.6625004,-36.9000015
22.9750004,13.1171875,21.7600002,10.5375004,-11.5874996
12.6625004,5.890625,0.0,16.6625004,-5.0250001
15.6625004,8.3828125,0.0,18.6625004,1.28750002
15.6625004,8.3828125,4.13999939,18.6625004,-20.8374996
15.1000004,8.9140625,3.51999998,17.9750004,-18.5874996
13.7875004,7.4140625,12.3199997,13.1625004,-36.2437515
12.7250004,8.140625,16.5449982,9.41250038,3.1624999
14.7250004,6.3671875,0.0,16.6000004,7.5374999
18.1000004,9.3984375,0.0,17.6000004,-45.7750015
18.6000004,7.81640625,2.62500024,20.2250004,-31.1187496
14.4125004,7.3359375,0.170000002,16.6625004,-31.6812496
15.2250004,6.7890625,2.50500011,16.1625004,-40.7125015
15.2250004,6.7890625,0.409999967,16.1625004,-40.7125015
18.4125004,9.7421875,0.0,18.6625004,-1.46249998
18.4125004,9.7421875,1.29499996,25.5375004,-26.2437496
18.4125004,9.7421875,5.83500004,13.9125004,1.22500002
11.1625004,3.87890625,0.0,16.7250004,-3.9000001
11.4750004,5.74609375,0.0749999955,15.4750004,-6.3375001
11.5375004,5.99609375,1.49000001,15.1000004,-6.4000001
15.7250004,7.17578125,0.0,17.8500004,13.7875004
15.7250004,7.17578125,0.25999999,11.9750004,-41.3687515
15.7250004,7.17578125,16.0899982,11.9750004,-18.5874996
12.7250004,5.625,1.06999993,16.7875004,-14.0874996
15.3500004,6.0703125,0.670000017,18.2875004,-13.1499996
12.6000004,6.078125,0.289999992,17.1000004,-7.3375001
12.6000004,6.078125,5.01000023,15.2250004,-17.7437496
12.6000004,6.078125,0.0,15.2250004,-13.6499996
7.7249999,6.6015625,0.0,-4.5875001,-25.1812496
7.7249999,6.6015625,1.14999998,-4.5875001,-30.4937496
13.9750004,6.7265625,0.0,15.3500004,-3.7750001
17.9125004,6.3359375,0.0,17.8500004,15.2250004
15.1625004,7.57421875,0.644999981,18.2250004,-45.0562515
17.3500004,11.2265625,2.88499999,17.7875004,0.912500024
16.1625004,11.453125,0.0,17.4125004,13.6000004
15.2250004,9.84375,0.0299999993,19.2875004,-5.8375001
10.4750004,5.59375,0.0299999993,11.7875004,-0.899999976
12.3500004,5.078125,0.00499999989,12.7875004,-22.5562496
13.6625004,6.7265625,0.0,16.0375004,-25.1499996
13.6625004,6.7265625,0.0,15.4750004,-27.1812496
15.1000004,9.6953125,0.289999992,10.2250004,-9.89999962
15.1000004,9.6953125,2.02499986,9.03750038,0.537500024
14.5375004,6.83203125,0.0,16.5375004,2.0374999
14.5375004,6.83203125,0.0,16.5375004,2.0374999
17.3500004,9.0390625,0.0299999993,20.1000004,-9.27499962
17.3500004,9.0390625,0.170000002,15.7875004,-43.4937515
17.0375004,9.765625,3.79999971,18.9125004,-21.0249996
17.0375004,9.765625,0.0599999987,13.7250004,-12.7124996
9.47500038,5.26171875,0.0,10.6000004,8.10000038
13.3500004,6.97265625,0.0,13.4125004,-10.0874996
13.3500004,6.97265625,0.0,17.1625004,8.72500038
13.3500004,6.97265625,37.6699982,17.1625004,-39.8687515
13.3500004,6.97265625,43.1899986,17.1625004,-8.02499962
2.1624999,3.03320312,0.0,3.0999999,-20.4624996
4.9749999,3.72460938,0.0,6.9124999,-10.3374996
4.9749999,3.72460938,0.49000001,6.9124999,-44.9625015
4.3499999,4.69921875,0.210000008,4.2874999,-10.8374996
-2.5875001,3.6171875,0.354999989,1.97500002,-15.0874996
0.0375000015,2.20703125,0.0,1.97500002,-26.5249996
-0.462500006,2.71289062,0.0,-0.774999976,-25.8374996
-4.6500001,1.44140625,0.0,0.725000024,-28.6499996
4.5374999,3.34960938,0.5,3.3499999,-22.7124996
4.8499999,3.41992188,0.144999996,3.3499999,-34.8375015
1.10000002,4.0703125,0.439999998,7.5374999,-7.2750001
7.9749999,5.41796875,0.0,5.9124999,-20.0249996
2.1624999,5.62109375,3.19499969,1.16250002,-6.9000001
2.1624999,5.62109375,0.0,11.6625004,-6.9000001
2.1624999,5.62109375,18.8449993,11.6625004,-47.3375015
2.1624999,5.62109375,7.15999985,11.6625004,-12.1499996
2.1624999,5.62109375,0.0,11.6625004,-24.2437496
2.1624999,5.62109375,9.15999985,11.6625004,-25.3374996
2.1624999,5.62109375,0.0,11.6625004,-17.1499996
5.2249999,4.0625,0.0,6.8499999,-12.1499996
5.2249999,4.0625,18.8149967,6.8499999,-26.0562496
-0.587499976,2.81835938,0.0,1.97500002,-30.2437496
-0.587499976,2.81835938,0.0,9.53750038,-45.9312515
6.9749999,4.375,4.48999977,-2.5250001,-31.4624996
6.9749999,4.375,5.0250001,-1.83749998,-16.5874996
2.4749999,4.09765625,0.0,0.975000024,-7.0250001
3.5374999,3.83007812,0.0,4.3499999,-5.4000001
3.5374999,3.83007812,0.0,0.912500024,1.35000002
2.5374999,3.42773438,0.579999983,-6.4000001,-22.6812496
1.91250002,3.58007812,0.0,-0.150000006,-7.5250001
1.78750002,3.71679688,0.0,2.4124999,-8.89999962
1.85000002,4.81640625,0.0,1.85000002,-21.5562496
1.85000002,4.81640625,22.920002,1.85000002,-50.1812515
0.224999994,4.81640625,18.2399998,-6.7750001,-38.5875015
-0.275000006,4.81640625,0.164999992,-0.150000006,-18.6499996
-3.2750001,1.83789062,0.219999999,-1.39999998,-19.2437496
-3.2750001,1.83789062,1.83999991,-1.39999998,-26.3999996
-1.58749998,2.84570312,1.0,4.5999999,-9.89999962
-1.58749998,2.84570312,0.00499999989,1.91250002,-6.0250001
-1.58749998,2.84570312,5.59499979,1.91250002,-37.4000015
-5.1500001,2.84570312,35.5750008,-9.71249962,-41.0562515
-4.9625001,1.84277344,0.524999976,-5.1500001,-25.5874996
-7.3375001,1.42871094,0.0,-2.9625001,-20.2749996
-7.3375001,1.42871094,0.0,-2.9625001,-32.4625015
-4.6500001,2.18554688,0.0,-3.4625001,-22.7437496
-4.6500001,2.18554688,1.43999994,-3.4625001,-43.5562515
9.35000038,6.79296875,0.0649999976,5.8499999,-2.8375001
9.66250038,7.9375,0.0,7.4749999,-12.7749996
9.66250038,7.9375,6.33499908,7.4749999,-44.6187515
4.5374999,5.1171875,3.18499994,-6.4000001,-28.3062496
4.5374999,5.1171875,0.0,-6.4000001,-28.3062496
4.5374999,5.1171875,17.9099979,-3.5875001,-36.1500015
4.5374999,5.1171875,18.1399994,-3.5875001,-48.5250015
5.9124999,4.16015625,2.20000005,6.0374999,-21.2749996
0.975000024,3.42382812,0.289999992,-2.9000001,-13.9624996
1.85000002,3.18164062,0.0,-2.6500001,-20.1812496
-0.774999976,2.95898438,0.219999999,1.53750002,-12.0874996
-0.774999976,2.95898438,0.0,1.53750002,-10.3374996
-2.4625001,1.9375,0.0,0.474999994,-17.2124996
0.600000024,2.59375,0.0299999993,-4.2750001,-34.6500015
7.7249999,4.9296875,8.94499969,-6.6500001,-49.3687515
7.7249999,4.9296875,17.1949997,-6.6500001,-9.71249962
-3.0250001,2.28320312,0.0,-1.21249998,-10.0249996
0.537500024,4.3671875,0.0,-2.5875001,-5.9000001
2.0374999,4.234375,0.0,0.537500024,-0.400000006
3.4124999,4.81640625,3.67000008,-1.33749998,-17.2437496
3.4124999,4.81640625,0.224999994,-1.58749998,-7.4625001
3.4124999,4.81640625,23.4749985,-1.58749998,-52.2437515
3.4124999,4.81640625,10.2450018,-1.58749998,-17.3687496
3.4124999,4.81640625,0.0,-1.58749998,-9.27499962
3.4124999,4.81640625,1.86999989,-1.58749998,-35.9625015
3.4124999,4.81640625,9.47500038,-1.58749998,-7.2125001
3.4124999,4.81640625,0.0,-1.58749998,-17.4312496
3.4124999,4.81640625,8.25499916,-1.58749998,-30.9312496
-5.1500001,2.38671875,1.2349999,-8.96249962,-17.8999996
-5.1500001,2.38671875,0.579999983,1.72500002,-15.2749996
1.53750002,2.45898438,0.24000001,0.662500024,-31.3062496
2.1624999,4.07421875,2.28500009,-9.52499962,-17.8374996
2.1624999,4.07421875,0.599999964,-0.212500006,-14.6499996
-5.4625001,1.6484375,0.0,-3.0875001,-18.8999996
-5.4625001,1.6484375,0.0,-1.89999998,-18.9624996
-5.4625001,1.6484375,0.0,-1.89999998,-18.4624996
-5.4625001,1.6484375,0.0,-1.89999998,-35.6812515
-5.4625001,1.6484375,0.229999989,-1.89999998,-26.8374996
4.9124999,3.59765625,1.44000006,5.4749999,-39.7437515
-1.08749998,2.61914062,1.17999995,-1.21249998,-9.39999962
5.7249999,4.7578125,3.00500011,1.53750002,-36.3375015
5.7249999,4.7578125,0.0,1.53750002,-36.3375015
5.7249999,4.7578125,23.9800034,1.53750002,-46.3062515
5.7249999,4.7578125,0.310000002,1.53750002,-21.5874996
1.03750002,3.53320312,0.0,-3.0875001,-8.64999962
7.9124999,4.5234375,0.00999999978,7.1624999,-17.7437496
7.4749999,4.16796875,0.0,5.9749999,-14.2124996
6.8499999,4.0703125,0.0,6.1624999,-11.2749996
6.8499999,4.0703125,3.75500011,6.1624999,-5.7750001
1.53750002,4.21484375,0.0,-3.4000001,-36.2437515
1.53750002,4.21484375,9.58499908,-11.8374996,-12.9624996
3.1624999,3.08789062,0.0,2.7874999,-18.7437496
2.9749999,3.96875,0.0,3.5999999,-34.7437515
2.5374999,3.61328125,0.0,5.5374999,-10.9624996
4.3499999,3.81445312,0.439999998,2.0374999,-32.5250015
4.3499999,3.81445312,5.11499977,2.0374999,-45.4937515
5.0374999,5.078125,23.2999973,2.4749999,-2.2125001
-6.1500001,2.24023438,0.155000001,-11.2124996,-17.2437496
-11.3374996,1.31738281,0.0549999997,-19.9312496,-25.4624996
1.91250002,2.984375,0.649999976,1.28750002,-21.7437496
5.4749999,4.13671875,6.01499939,-3.3375001,-38.5250015
0.224999994,4.13671875,5.73499966,-3.3375001,-9.89999962
0.224999994,4.13671875,0.389999986,-3.3375001,-31.4937496
2.0999999,3.95703125,0.50999999,-3.4625001,-8.83749962
2.0999999,3.95703125,6.70499992,-3.4625001,-48.7125015
4.0999999,4.08984375,22.0750008,-2.1500001,-21.4624996
2.7249999,4.13671875,0.0699999928,2.7249999,-7.9625001
3.6624999,3.20703125,0.194999993,1.28750002,-30.8374996
-1.58749998,2.65820312,0.0799999982,-8.33749962,-12.7124996
-1.58749998,2.65820312,0.0,-8.33749962,-8.27499962
1.78750002,3.76171875,0.0,-2.8375001,-6.4000001
1.78750002,3.76171875,2.04500008,-2.8375001,-28.6812496
1.78750002,3.3203125,1.70000005,1.72500002,-10.2749996
1.78750002,3.3203125,0.769999981,1.72500002,-44.6812515
1.78750002,3.3203125,1.22500002,1.72500002,-22.0249996
2.2249999,4.265625,10.6899977,-10.5249996,-31.8687496
1.41250002,3.09570312,0.254999995,1.35000002,-0.400000006
6.2249999,4.75,0.0,3.4124999,-6.8375001
6.2249999,4.75,19.0400009,3.4124999,-23.7124996
1.91250002,2.171875,0.0,4.6624999,-21.7749996
-0.337500006,3.11132812,0.0,-3.5875001,-20.0249996
5.3499999,3.46289062,0.0,4.7249999,-10.2124996
6.2249999,3.35742188,0.0,8.16250038,-12.2124996
9.35000038,3.890625,0.964999974,11.6625004,-30.3062496
9.28750038,5.703125,6.64000034,0.725000024,-12.7749996
8.53750038,4.20703125,0.0,8.60000038,-46.3687515
8.66250038,6.5,7.0899992,3.0999999,-6.4625001
7.4749999,4.796875,0.159999996,7.9749999,-3.0875001
7.4749999,4.796875,6.94500017,7.9749999,-35.8375015
4.0999999,3.77148438,0.0,6.8499999,-13.2124996
5.7249999,3.4453125,0.970000029,8.47500038,-31.7749996
1.16250002,2.39257812,0.0350000001,5.9124999,-14.6499996
1.16250002,2.39257812,4.31999969,5.9124999,-23.6812496
13.5375004,5.109375,17.7599983,14.8500004,-1.39999998
0.912500024,2.33984375,0.0,6.0374999,-9.64999962
13.6625004,5.38671875,1.38999999,20.1625004,-15.0874996
13.6625004,5.38671875,11.5349998,20.1625004,-11.0249996
21.9125004,9.640625,9.53999996,17.3500004,-55.8062515
21.9125004,9.640625,14.545002,4.7249999,-33.5250015
4.5374999,3.91796875,0.0,7.4749999,-29.0562496
5.0374999,2.9140625,0.0,10.3500004,1.35000002
8.47500038,3.37304688,0.0,12.1000004,-6.7125001
14.5375004,3.84960938,0.0,16.4125004,-0.0874999985
13.2875004,5.61328125,1.48500001,9.16250038,-37.0562515
17.1625004,6.40234375,1.82499981,22.2250004,-6.2750001
23.5375004,8.53125,0.0,21.7875004,8.47500038
25.7875004,6.1875,0.0,20.0375004,-14.8999996
23.7875004,7.52734375,0.0199999996,25.9750004,-5.8375001
22.4125004,9.5703125,0.0,23.2250004,8.60000038
22.4125004,9.5703125,4.49499941,23.2250004,-1.14999998
7.3499999,4.89453125,0.0,7.5999999,-15.2749996
7.3499999,4.89453125,0.0,7.5999999,-22.5874996
14.5375004,4.5625,0.399999976,15.1000004,-4.1500001
14.5375004,4.5625,0.0,30.9750004,-23.0874996
14.5375004,4.5625,11.5,25.2250004,-34.4937515
14.5375004,4.5625,14.869998,11.6000004,-10.4624996
6.2249999,4.43359375,0.0,8.97500038,-22.8687496
6.2249999,4.43359375,0.00499999989,15.9125004,-16.0249996
7.0999999,5.54296875,0.0899999961,11.9125004,-10.2124996
13.9750004,3.50585938,0.0,15.7875004,-1.14999998
13.9750004,3.50585938,2.28499985,15.7875004,-52.4312515
13.9750004,3.50585938,17.4349995,16.6000004,-16.6499996
13.9750004,3.50585938,28.8199997,16.6000004,-33.9937515
8.78750038,4.90234375,24.1950016,10.3500004,-15.5249996
8.78750038,4.90234375,0.559999943,9.47500038,-15.6499996
8.78750038,4.90234375,3.66000009,9.47500038,-31.8999996
8.78750038,4.90234375,0.0149999997,8.72500038,-12.5874996
8.78750038,4.90234375,0.0,12.3500004,-3.8375001
8.78750038,4.90234375,0.0,18.7875004,-1.08749998
8.78750038,4.90234375,5.83500051,22.1000004,-34.9000015
16.5375004,5.31640625,0.734999955,16.7250004,-34.7750015
8.78750038,5.55859375,0.0,17.1000004,-31.5249996
8.78750038,5.55859375,0.0,19.9750004,-2.7125001
13.6000004,7.6171875,0.0,18.1625004,-13.2124996
13.6000004,7.6171875,0.0,27.9125004,-25.0562496
18.9125004,3.91992188,0.0199999996,23.2875004,-13.3374996
18.9125004,3.91992188,0.0,15.9750004,-36.4625015
18.9125004,3.91992188,0.0,18.6625004,-17.8999996
18.9125004,3.91992188,1.04999995,20.6000004,-27.0874996
18.9125004,3.91992188,0.0,12.6625004,-11.0249996
9.72500038,5.76953125,0.0,19.7250004,-5.6500001
9.72500038,5.76953125,0.609999955,19.7250004,-41.8375015
9.72500038,5.76953125,8.09500027,19.7250004,-25.6187496
9.72500038,5.76953125,0.0,20.1625004,9.91250038
9.72500038,5.76953125,0.0,19.9125004,-2.2750001
9.72500038,5.76953125,0.0,28.2250004,-9.83749962
9.72500038,5.76953125,0.454999983,28.2250004,-22.2749996
9.72500038,5.76953125,0.0,17.4750004,-6.3375001
9.72500038,5.76953125,0.0,19.0375004,6.9124999
9.72500038,5.76953125,0.0,25.6000004,-1.14999998
24.5375004,6.75390625,0.0,24.2875004,8.22500038
24.5375004,6.75390625,0.0,25.6000004,-5.1500001
24.8500004,8.8671875,0.0,27.8500004,2.2874999
24.8500004,8.8671875,0.0,29.5375004,7.9749999
24.8500004,8.8671875,0.0,25.8500004,1.47500002
24.8500004,8.8671875,0.0,27.9125004,-9.14999962
24.8500004,8.8671875,0.0,22.7250004,-1.96249998
24.8500004,8.8671875,0.0,19.3500004,-13.8999996
24.8500004,8.8671875,0.0,12.8500004,-11.7124996
16.7250004,6.7109375,0.0,16.7875004,-3.6500001
16.7250004,6.7109375,0.0,15.8500004,-11.6499996
16.7250004,6.7109375,0.664999962,17.7250004,-6.0875001
16.7250004,6.7109375,0.825000048,19.8500004,-16.5249996
16.7250004,6.7109375,0.199999988,22.1625004,-2.0875001
16.7250004,6.7109375,0.125,30.9750004,-20.3999996
16.7250004,6.7109375,21.1299973,30.9750004,-45.7125015
16.7250004,6.7109375,21.4899998,20.2875004,3.1624999
16.7250004,6.7109375,13.6850014,20.2875004,-23.2437496
18.1000004,7.80078125,9.99499893,23.7875004,-5.5875001
18.1000004,7.80078125,9.97000027,13.1625004,-39.7437515
13.1000004,7.11328125,2.68499994,25.1625004,-27.3062496
20.0375004,9.1796875,0.0,21.4125004,-16.3374996
15.9125004,9.546875,0.0,25.6000004,-13.0249996
13.9750004,8.8125,0.0,27.9125004,5.1624999
13.9750004,8.8125,0.0,30.2875004,11.7250004
24.3500004,10.296875,0.169999987,26.2250004,-10.4624996
24.3500004,10.296875,2.625,14.5375004,-21.5874996
22.0375004,13.859375,9.55500031,17.9750004,-37.8687515
22.0375004,13.859375,0.114999995,24.9125004,-5.5875001
23.4125004,13.296875,3.89999986,28.1625004,-37.9312515
20.4750004,11.8515625,28.5449944,27.7250004,6.9749999
20.4750004,11.8515625,9.05000019,27.7250004,12.8500004
18.9750004,10.8046875,0.0,25.9125004,10.4750004
18.9750004,10.8046875,0.0,30.1000004,-23.7749996
18.9750004,10.8046875,3.29500008,29.6000004,-26.5562496
18.9750004,10.8046875,20.9050007,16.6000004,-29.3687496
18.9750004,10.8046875,5.73000002,28.7250004,-15.5249996
25.2875004,12.4609375,0.0,27.4750004,10.1000004
26.1625004,13.515625,0.0,29.2875004,10.1000004
29.3500004,12.515625,0.0,34.7249985,-23.3062496
29.3500004,12.515625,4.68999958,27.6625004,-34.0250015
22.7250004,12.0234375,0.0,25.7250004,-6.7125001
22.7250004,12.0234375,9.8399992,24.5375004,-20.0874996
22.7250004,12.0234375,42.2199936,24.5375004,-32.0250015
24.6000004,13.171875,3.75999975,27.9125004,12.2875004
24.6000004,13.171875,1.78499985,27.9125004,12.2875004
20.6000004,13.3046875,14.2449989,23.4125004,-33.8375015
22.4750004,11.9609375,0.0,25.3500004,18.9750004
22.4750004,11.9609375,0.0,22.2875004,-33.4000015
24.5375004,13.0,7.31500053,25.3500004,11.7250004
24.4125004,11.296875,0.0,25.6000004,6.7874999
24.4125004,11.296875,1.59000015,27.1000004,-13.1499996
24.4125004,11.296875,0.0,27.1000004,-13.1499996
23.6000004,10.8671875,0.0,27.8500004,8.66250038
18.7875004,10.6796875,5.43999958,22.2250004,-2.9000001
20.8500004,10.71875,0.0,25.6625004,-5.4625001
23.3500004,10.90625,0.0,27.0375004,6.1624999
23.7250004,11.328125,8.52500057,26.6625004,-24.0874996
21.6625004,10.96875,0.219999999,25.1625004,-28.7749996
21.6625004,10.96875,0.0,25.1625004,-28.7749996
21.6625004,10.96875,7.38000011,25.8500004,9.22500038
25.9125004,14.4296875,0.0850000009,27.9750004,-14.8999996
25.9125004,14.4296875,20.8199997,27.9750004,-21.8062496
20.1000004,9.4765625,0.0,24.5375004,-40.4625015
20.3500004,8.1015625,0.00999999978,21.6625004,-11.8374996
18.8500004,8.234375,0.0,24.6000004,0.850000024
20.6625004,9.71875,0.0,25.1000004,-53.7750015
23.1000004,12.78125,0.524999976,26.3500004,-2.0875001
21.1000004,10.9921875,6.33500004,24.0375004,18.1625004
18.0375004,10.359375,0.0,23.5375004,-40.8687515
23.7875004,10.1875,0.0,28.4750004,-20.6812496
24.9125004,13.8203125,45.0600014,26.6625004,-12.1499996
24.9125004,13.8203125,7.5999999,11.2875004,5.6624999
21.1000004,9.9453125,0.0,26.3500004,12.6625004
21.1000004,9.9453125,10.9249992,24.1625004,-5.2750001
18.8500004,8.9375,0.0,24.8500004,-1.39999998
18.8500004,8.9375,2.30999994,17.7250004,-39.4625015
18.8500004,10.8984375,0.24499999,24.9750004,5.8499999
22.9750004,12.2578125,0.74000001,22.5375004,-42.8687515
20.9125004,13.578125,13.3449993,20.4750004,-1.52499998
22.0375004,11.5,1.11000001,24.8500004,2.7249999
22.0375004,11.5,0.0,24.0375004,4.5374999
22.0375004,11.5,28.7949982,17.1000004,-5.7750001
18.7875004,9.421875,0.0,21.7250004,-11.7749996
22.4125004,13.5078125,0.0,24.9750004,-20.5249996
22.4125004,13.5078125,0.140000001,21.4125004,-49.1187515
18.7250004,9.2734375,0.5,24.1000004,-15.0249996
20.6000004,9.9296875,1.77999997,24.1000004,-5.9625001
21.7875004,11.7734375,1.24000001,6.3499999,-11.2124996
21.7875004,11.7734375,11.5349989,19.8500004,10.4750004
19.3500004,10.40625,0.0,23.1625004,-6.2125001
17.3500004,8.75,0.0,22.6625004,-4.6500001
20.2875004,9.4609375,0.0,25.7250004,7.9749999
21.6625004,13.3828125,0.0,22.4125004,7.6624999
16.3500004,9.71875,5.90499973,22.1000004,8.91250038
18.1625004,8.2265625,0.0,21.7875004,-28.2124996
20.4750004,9.5078125,0.0,24.6000004,5.4124999
26.1625004,11.2578125,7.1050005,26.0375004,-38.5250015
23.9125004,13.828125,0.620000005,25.6000004,-7.8375001
23.9125004,13.828125,0.125,25.6000004,-7.8375001
25.5375004,14.875,0.0,27.6000004,10.1000004
25.6000004,14.6484375,0.0,29.1000004,24.1625004
22.4125004,13.546875,24.5,26.9125004,-7.0875001
18.9750004,14.1015625,5.35999966,23.8500004,12.1000004
21.2250004,11.078125,0.284999996,18.7875004,-30.4312496
18.3500004,12.2890625,6.13999987,14.9750004,3.1624999
18.3500004,12.2890625,1.55500007,14.9750004,3.1624999
23.3500004,10.28125,0.589999974,26.4125004,-30.7437496
16.2250004,8.453125,6.56000042,22.5375004,7.9124999
15.0375004,7.31640625,0.0,18.7875004,0.975000024
17.7250004,7.70703125,0.0,22.6000004,0.975000024
19.1625004,7.828125,0.0,22.3500004,6.4124999
17.2250004,8.984375,0.229999989,22.3500004,-13.4624996
16.2875004,8.6796875,4.5800004,20.5375004,-5.4000001
14.9125004,7.31640625,0.0,18.4125004,2.9749999
16.4750004,7.29296875,0.0,20.9125004,-12.6499996
17.9125004,8.2421875,0.0,21.9125004,-30.0874996
18.0375004,8.84375,0.0,23.1625004,-38.6187515
18.0375004,8.84375,3.74499989,21.1625004,-42.8375015
16.5375004,12.4453125,1.9349997,11.0375004,-16.8999996
18.4750004,9.09375,0.0,21.8500004,0.975000024
16.8500004,7.71875,0.0849999934,18.5375004,-30.1187496
17.4125004,7.3984375,0.0,21.2250004,-21.1187496
18.9750004,8.375,0.0,21.9750004,-27.5874996
18.4750004,10.28125,0.425000012,20.9750004,-9.27499962
20.6000004,10.78125,0.0,21.6000004,12.1000004
21.6625004,12.0078125,0.0,23.0375004,-0.962499976
21.7250004,11.125,0.0,23.8500004,17.1625004
23.7250004,13.015625,0.0,25.0375004,15.9750004
23.5375004,12.234375,0.0,25.7250004,22.0375004
23.6625004,9.5625,0.0,31.3500004,-55.7125015
17.6000004,10.71875,3.05499983,19.7875004,-9.08749962
17.6000004,10.71875,27.9699974,19.7875004,-38.7437515
8.60000038,5.5390625,0.0,8.53750038,-14.5874996
10.9125004,5.4765625,0.00499999989,14.3500004,-22.9624996
9.97500038,5.51171875,0.0,14.4125004,-11.6499996
11.3500004,6.66796875,0.534999967,14.9750004,-8.02499962
10.8500004,6.04296875,0.0,15.7875004,-10.7749996
11.2875004,6.9296875,0.0,16.1625004,-6.4000001
11.2875004,6.9296875,4.9000001,16.1625004,-6.4000001
11.0375004,6.33984375,0.0,0.162499994,-12.7749996
11.0375004,6.33984375,0.0,8.35000038,-6.2750001
11.0375004,6.33984375,3.36999989,3.2249999,-1.52499998
11.0375004,6.33984375,0.0,3.2249999,-2.0875001
11.0375004,6.33984375,0.0,19.9125004,-38.2750015
11.0375004,6.33984375,7.42499971,6.0374999,-24.9937496
11.0375004,6.33984375,15.3000011,6.0374999,-6.0250001
4.1624999,4.95703125,1.9749999,-4.4000001,-26.7124996
11.8500004,5.9140625,0.0,13.2250004,-26.8999996
16.0375004,9.8125,0.0,18.2250004,-6.0250001
16.0375004,9.8125,0.224999994,17.6625004,-24.9937496
16.0375004,9.8125,6.42999935,18.1000004,-20.7749996
18.9750004,10.8359375,0.109999999,19.6000004,-4.0250001
18.9750004,10.8359375,0.0,14.9750004,-7.4000001
18.9750004,10.8359375,7.43999958,0.912500024,-20.3062496
18.9750004,10.8359375,6.84000015,0.912500024,-19.0562496
6.1624999,4.51171875,0.0,0.912500024,-14.3374996
2.4124999,4.16796875,0.0,6.5374999,-12.8999996
5.4749999,4.578125,0.0,6.4749999,-9.02499962
12.4125004,5.24609375,0.825000048,12.5375004,-31.2437496
12.4125004,5.24609375,7.67499924,-1.27499998,-13.9624996
8.97500038,4.36328125,0.0,11.4750004,-19.8062496
8.97500038,4.36328125,4.82999992,11.4750004,-40.3062515
8.97500038,4.36328125,7.83500004,15.5375004,-5.3375001
8.97500038,4.36328125,0.099999994,15.5375004,-41.6500015
8.97500038,4.36328125,19.7849979,15.5375004,-41.6500015
8.97500038,4.36328125,0.129999995,11.9125004,-15.7124996
8.97500038,4.36328125,0.0,11.9125004,-9.27499962
4.2249999,3.25976562,0.0,8.28750038,-9.02499962
4.2249999,3.25976562,0.00999999978,5.7249999,-26.5249996
4.2249999,3.25976562,1.89499998,5.7249999,-5.9000001
9.60000038,5.359375,0.0,10.9750004,-28.4624996
9.60000038,5.359375,0.0,9.53750038,-19.6499996
9.60000038,5.359375,15.1999998,9.53750038,-36.8687515
5.5999999,3.7109375,0.049999997,8.53750038,5.7874999
7.9749999,4.48828125,0.0,10.6625004,-18.1187496
3.9749999,4.14453125,0.0,5.7874999,-16.3374996
3.9749999,4.14453125,12.3999977,5.7874999,-46.3375015
5.5374999,4.14453125,4.4800005,-2.3375001,-10.0249996
4.6624999,4.14453125,0.0,7.7874999,-4.1500001
2.7249999,3.203125,0.00999999978,5.4749999,-16.4624996
3.4124999,3.81054688,0.0,6.3499999,-12.0249996
8.60000038,4.453125,1.54499996,5.0999999,-26.0874996
3.2874999,3.73242188,2.21999979,5.4124999,-14.3374996
3.2874999,3.73242188,0.0,5.4124999,-45.1812515
1.03750002,3.4140625,0.0,0.412499994,-17.7437496
7.9124999,5.16015625,0.0,6.2249999,-28.6812496
7.9124999,5.16015625,7.35499954,6.2249999,-44.2437515
3.5374999,5.16015625,0.0,-2.6500001,-8.14999962
3.5374999,5.16015625,9.63500023,-2.6500001,-9.77499962
3.5374999,5.16015625,2.27999973,-2.6500001,-10.0249996
3.5374999,5.16015625,0.0,-2.6500001,-41.2437515
-2.0250001,1.68164062,0.855000019,-4.1500001,-13.0874996
-2.0250001,1.68164062,0.0,-4.1500001,-17.8062496
7.0999999,5.2734375,0.0,7.2874999,-15.2124996
7.5374999,6.40234375,0.0399999991,6.2874999,-25.3062496
7.5374999,6.40234375,17.4949989,6.2874999,-51.9312515
-3.1500001,2.82226562,14.5549994,-11.3374996,-14.6499996
-3.1500001,2.82226562,0.0,-11.3374996,-8.33749962
-3.1500001,2.82226562,0.0399999991,-11.3374996,-20.2437496
2.0999999,3.14453125,0.0,3.0999999,-15.5874996
6.2874999,5.16015625,0.245000005,8.41250038,-33.3062515
6.2874999,5.16015625,0.0,7.9124999,-22.9312496
6.2874999,5.16015625,13.0599995,7.9124999,-45.1812515
6.2874999,5.16015625,97.6799774,-6.0875001,-29.8687496
6.2874999,5.16015625,0.0,-12.3999996,-29.8687496
2.2249999,5.16015625,0.0,2.5374999,-6.3375001
2.8499999,3.15625,0.0249999985,2.4749999,-3.7125001
1.03750002,3.55078125,0.0,1.66250002,-21.4937496
-0.150000006,3.55078125,3.36499977,-2.6500001,-43.1812515
-0.150000006,3.55078125,0.215000004,-2.6500001,-43.1812515
8.91250038,5.2421875,0.0,9.16250038,-16.0249996
9.35000038,6.94921875,0.0549999997,3.6624999,-28.5874996
9.35000038,6.94921875,6.47500038,3.6624999,-27.2749996
9.35000038,6.94921875,5.23499966,0.662500024,-5.2125001
9.35000038,6.94921875,0.0,3.4749999,-8.83749962
-1.58749998,6.94921875,0.0,-3.7750001,-8.02499962
-1.58749998,6.94921875,0.0,-3.7750001,-11.8374996
-1.64999998,2.8515625,0.0,1.91250002,-9.33749962
-1.64999998,2.8515625,0.0,1.91250002,-6.4000001
-1.64999998,2.8515625,0.109999999,1.91250002,-14.2749996
-0.712499976,2.56835938,0.0,2.4124999,-9.64999962
-0.712499976,2.56835938,0.0,2.4124999,-9.64999962
-0.712499976,2.56835938,0.974999964,2.4124999,-29.6812496
-1.89999998,2.90429688,1.58500004,-11.3999996,-28.6187496
-1.89999998,2.90429688,0.0,-11.3999996,-17.0874996
-1.89999998,2.90429688,37.1150017,-11.3999996,-56.6500015
-1.89999998,2.90429688,8.6050005,-11.3999996,-23.4937496
-3.4000001,2.42578125,0.194999993,-11.2749996,-23.1499996
-3.4000001,2.42578125,0.0,-11.2749996,-23.1499996
-3.4000001,2.42578125,9.24499989,-11.2749996,-17.3374996
-3.4000001,2.42578125,0.125,-11.2749996,-17.3374996
-4.5875001,1.55859375,0.0,-0.712499976,-19.6812496
-4.5875001,1.55859375,0.870000005,-11.8999996,-27.1499996
-4.7125001,1.44238281,0.0,-6.3375001,-41.7750015
-6.2125001,1.41601562,1.8349998,-11.5874996,-25.8062496
-6.4000001,1.98242188,1.50999999,-11.5874996,-36.5875015
-3.1500001,2.61523438,0.0,-18.3062496,-27.7749996
-2.8375001,2.31054688,0.0,0.474999994,-11.3999996
4.8499999,3.95117188,1.76999998,-0.837499976,-32.7437515
1.10000002,4.26171875,7.56499958,-5.0250001,-25.8374996
1.10000002,4.26171875,16.7299995,-5.0250001,-46.0562515
7.4124999,5.4921875,10.085,3.3499999,-27.3374996
3.0374999,5.4921875,24.7200012,1.85000002,-14.5874996
6.2249999,5.296875,0.0,0.0375000015,-11.0249996
6.2249999,5.296875,21.2700005,0.0375000015,-36.4312515
6.2249999,5.296875,2.30500007,0.0375000015,-36.4312515
2.6624999,4.16796875,0.0,-8.77499962,-29.4624996
2.6624999,4.16796875,0.0,-8.77499962,-29.4624996
1.03750002,4.16796875,1.31999993,-3.7125001,-6.1500001
1.03750002,4.16796875,0.205000013,-3.7125001,-6.1500001
2.9124999,3.95117188,0.0,4.3499999,-18.3374996
3.8499999,4.0390625,0.0,6.3499999,-7.2750001
5.0999999,3.26367188,0.0,4.1624999,-15.6499996
2.8499999,3.11328125,0.0,4.2874999,-20.7749996
5.6624999,4.0625,0.114999995,0.474999994,-16.5249996
9.72500038,4.8125,0.119999997,8.60000038,-44.6812515
9.66250038,5.83984375,0.38499999,9.97500038,1.03750002
9.66250038,5.83984375,0.239999995,6.3499999,-6.9000001
-0.962499976,2.6953125,0.0249999985,-9.89999962,-16.0874996
-0.962499976,2.6953125,0.0,-9.89999962,-16.0874996
-0.524999976,2.28125,0.0,6.0999999,-15.0874996
-1.52499998,1.74707031,0.0,2.3499999,-12.2124996
2.2874999,2.6015625,2.27499986,-7.3375001,-43.5250015
-1.39999998,2.1796875,0.0,2.2249999,-19.8687496
-5.4625001,1.48046875,0.0,-3.2125001,-27.2437496
-5.4625001,1.48046875,0.00499999989,-3.2125001,-19.9624996
-3.5250001,1.49707031,0.0,-0.587499976,-18.1187496
0.787500024,3.02929688,0.0,2.0999999,-17.2437496
4.5999999,2.57421875,0.670000017,4.9124999,-27.2124996
4.5999999,2.57421875,7.40000057,4.9124999,-44.4937515
5.4749999,4.3828125,0.394999981,7.7249999,-5.4000001
-8.89999962,1.23632812,0.0,-1.89999998,-49.6500015
1.47500002,2.57617188,0.0549999997,5.1624999,-18.1187496
10.1000004,4.57421875,0.114999995,7.4124999,-38.9312515
12.6625004,6.2734375,0.349999994,13.8500004,-43.9000015
11.4125004,6.02734375,25.5300007,10.3500004,-44.5250015
-7.3375001,1.68359375,0.0,-13.2124996,-26.2124996
4.5999999,3.265625,0.0,6.0999999,-19.9624996
4.5999999,3.265625,8.21999931,1.97500002,-19.0562496
8.53750038,6.28515625,0.0,3.5999999,1.78750002
8.53750038,6.28515625,0.0,14.7875004,-42.8375015
14.1000004,6.20703125,6.89999962,6.2874999,-31.3062496
14.1000004,6.20703125,20.6050014,0.0375000015,-35.9312515
14.1000004,6.20703125,15.7749996,9.41250038,-16.7124996
10.8500004,4.23828125,0.0,11.9750004,-24.9937496
10.8500004,4.23828125,19.7150002,11.9750004,-47.6812515
1.35000002,3.22265625,7.91500092,0.474999994,-19.9312496
3.2249999,2.6328125,0.329999983,5.2874999,-19.2124996
8.97500038,4.08203125,0.0,11.9750004,-21.8062496
12.1625004,6.0390625,0.0,15.7875004,-7.1500001
12.1625004,6.0390625,1.06999993,15.7875004,-7.1500001
7.9749999,5.16015625,4.25500011,5.2249999,-9.64999962
8.16250038,3.3671875,0.0,13.6625004,-24.5249996
3.8499999,3.31445312,7.67999935,6.6624999,-20.1812496
-2.1500001,2.26757812,0.0350000001,-11.9624996,-19.1812496
3.4749999,4.421875,0.049999997,-13.4624996,-27.3999996
2.4749999,1.70019531,0.0,-6.5250001,-22.1499996
-2.4625001,1.69628906,0.0549999997,4.3499999,-20.2437496
1.78750002,3.53320312,0.370000005,-13.9624996,-21.4312496
1.16250002,3.89453125,9.15999985,-1.21249998,-17.5249996
1.16250002,3.30078125,0.0,0.912500024,-1.77499998
8.16250038,5.734375,0.0,5.9124999,-29.8687496
8.16250038,5.734375,1.62499988,5.9124999,-29.8687496
8.16250038,5.734375,2.92000008,5.9124999,-29.8687496
3.7874999,3.87890625,0.0949999988,8.35000038,-34.4937515
3.0999999,3.21289062,0.310000002,4.7249999,-10.5874996
7.0999999,3.56640625,0.0,10.1000004,-28.3374996
5.3499999,3.1875,0.0,11.1625004,-13.2749996
7.9124999,3.97851562,0.205000013,13.1625004,-10.0874996
7.9124999,3.97851562,3.79000044,10.9750004,-43.4312515
10.0375004,7.46875,24.8499985,4.2249999,-25.3062496
10.0375004,7.46875,1.44499993,4.2249999,-23.0249996
10.0375004,7.46875,0.0749999955,4.2249999,-20.0874996
6.7249999,3.60546875,0.484999985,10.7250004,-4.0250001
6.7249999,3.60546875,0.0,10.7250004,-4.0250001
10.7250004,4.9921875,0.0,10.7250004,-25.6499996
18.4750004,4.90625,0.0,20.6625004,-19.2124996
18.4750004,4.90625,4.42999983,18.3500004,-32.2437515
18.4750004,4.90625,10.7149992,18.3500004,-32.2437515
8.66250038,4.90625,14.1000004,2.9124999,-4.0250001
0.0375000015,4.90625,0.379999936,-12.0874996,-16.8374996
0.0375000015,4.90625,1.74000001,-12.0874996,-6.3375001
10.4750004,4.70703125,0.0199999996,14.9750004,-7.7750001
12.3500004,3.65820312,0.0,21.0375004,-30.4937496
12.3500004,3.65820312,8.22499943,2.6624999,-44.6812515
12.3500004,3.65820312,4.86999989,2.6624999,-1.89999998
12.3500004,3.65820312,1.76999998,2.6624999,-10.7124996
3.5999999,4.0625,0.399999976,14.6625004,-25.9937496
3.5999999,4.0625,0.25,11.5375004,-19.8687496
3.4124999,3.42382812,0.0,14.0375004,-22.8687496
14.9125004,3.90234375,0.0,28.4125004,-32.3375015
4.6624999,3.98242188,5.59499931,8.85000038,-5.0250001
6.1624999,3.49414062,0.0,12.4750004,-19.7749996
6.1624999,3.49414062,0.0,12.6000004,-38.0875015
6.1624999,3.49414062,8.71500015,12.6000004,-30.1812496
6.1624999,3.49414062,10.6499996,12.6000004,-21.8062496
6.1624999,3.49414062,0.049999997,9.16250038,-9.39999962
6.1624999,3.49414062,4.19000006,9.16250038,-20.9937496
6.1624999,3.49414062,0.0,9.16250038,-20.9937496
14.0375004,6.90234375,0.0,16.6625004,-2.3375001
19.9125004,7.64453125,0.0,18.0375004,-30.7437496
19.9125004,7.64453125,2.26499987,19.5375004,-5.0875001
19.9125004,7.64453125,20.6899948,10.9125004,-27.6499996
19.9125004,7.64453125,0.0,15.7875004,-31.9937496
15.9750004,4.6875,0.0,20.3500004,-5.3375001
15.9750004,4.6875,15.3549995,26.6000004,-17.0249996
15.9750004,6.984375,1.125,14.7250004,-17.5249996
10.8500004,6.10546875,6.90999985,14.7250004,-20.8687496
10.8500004,6.10546875,0.194999993,9.60000038,-37.4625015
10.8500004,6.10546875,2.01999998,15.4125004,0.850000024
10.8500004,6.10546875,11.375,15.4125004,0.850000024
21.5375004,7.97265625,2.36500001,17.2250004,-35.4312515
21.5375004,7.97265625,4.81499958,17.2250004,-10.7124996
19.1625004,11.4140625,0.0350000001,21.0375004,3.9124999
19.1625004,11.4140625,0.0,23.4125004,-24.1812496
19.1625004,11.4140625,1.71000004,20.6000004,0.162499994
20.9750004,8.859375,0.0,23.2875004,6.0999999
20.9750004,8.859375,0.0,27.4750004,-22.2437496
20.9750004,8.859375,1.27499986,27.9125004,-24.4312496
20.9750004,8.859375,1.68499994,29.1625004,-17.9937496
20.9750004,8.859375,2.30999994,30.1625004,-9.96249962
16.9750004,9.2109375,0.0,22.4125004,-7.5250001
16.9750004,9.2109375,9.7699995,22.4125004,-7.5250001
16.9750004,9.2109375,0.0,27.3500004,-18.3687496
16.9750004,9.2109375,9.0350008,27.3500004,-48.7437515
16.9750004,9.2109375,6.42999935,12.7250004,-3.0250001
16.9750004,9.2109375,0.0,19.2250004,2.0999999
16.9750004,9.2109375,0.0,19.6625004,-29.1499996
16.9750004,9.2109375,0.0,22.0375004,0.850000024
16.9750004,9.2109375,0.0249999985,32.4124985,-24.4312496
16.9750004,9.2109375,4.55999994,25.8500004,-32.8375015
15.7250004,10.5390625,0.420000017,29.9125004,-6.6500001
15.7250004,10.5390625,0.284999996,24.9750004,-35.8687515
24.1625004,12.4296875,0.105000004,29.7875004,-40.9312515
24.1625004,12.4296875,3.71000004,17.5375004,8.10000038
24.1625004,12.4296875,3.34500003,20.3500004,-12.7749996
24.1625004,12.4296875,0.0700000003,21.4750004,-21.9624996
24.1625004,12.4296875,14.460001,17.9125004,-8.96249962
24.1625004,12.4296875,0.319999993,17.9125004,-12.3999996
24.1625004,12.4296875,0.0,4.9124999,-23.2437496
16.9750004,9.875,0.0,21.7875004,-16.1499996
24.3500004,10.6484375,0.0,29.7875004,-38.3062515
24.3500004,10.6484375,0.410000026,24.3500004,-10.3374996
18.4750004,8.6328125,0.0,23.5375004,-7.5250001
18.4750004,8.6328125,0.105000004,26.9125004,-27.4937496
26.4750004,16.421875,0.0,29.0375004,5.3499999
26.4750004,16.421875,0.0,27.6000004,-25.1812496
26.4750004,16.421875,3.63999987,25.8500004,-41.7125015
26.4750004,16.421875,0.425000012,27.6000004,8.03750038
26.4750004,16.421875,0.0,26.4750004,1.97500002
24.4750004,15.03125,1.81500006,28.4125004,-17.8999996
24.4750004,15.03125,6.06500053,28.4125004,-17.8999996
16.3500004,10.4921875,0.0,24.1625004,-24.0249996
16.3500004,10.4921875,0.599999964,24.1625004,-45.4312515
16.3500004,10.4921875,8.53499985,36.6624985,-41.0875015
15.9750004,6.64453125,4.85499954,23.1000004,-7.7750001
19.1000004,7.91796875,0.0,23.1000004,3.1624999
19.1000004,7.91796875,47.4599953,10.7875004,-35.0875015
19.1000004,7.91796875,11.8850002,19.9750004,9.53750038
18.2875004,8.5546875,0.0,23.9125004,-7.4000001
18.2875004,8.5546875,0.0,23.2250004,-37.8062515
24.6000004,12.3984375,2.79999971,26.8500004,-40.4000015
21.4750004,13.9140625,0.0799999982,24.5375004,-21.8687496
21.4750004,13.9140625,0.289999992,25.5375004,-20.3062496
24.8500004,14.9375,0.375,27.8500004,-10.5249996
24.1000004,14.7578125,0.0,26.4750004,-1.21249998
25.6625004,12.109375,0.0,27.7250004,-32.9312515
25.6625004,12.109375,0.644999981,23.3500004,-20.8687496
25.6625004,12.109375,17.4549999,32.3499985,-54.2437515
21.4125004,13.796875,0.0449999981,14.4125004,10.1000004
21.4125004,13.796875,0.0,27.4125004,6.5374999
23.5375004,12.7265625,0.0,26.8500004,-25.6499996
22.6625004,14.3359375,0.0599999987,29.2250004,-24.1499996
29.4750004,14.7890625,34.5149994,27.2875004,-26.5562496
29.4750004,14.7890625,12.4049988,25.9750004,-22.5874996
29.4750004,14.7890625,3.75500011,28.2250004,-20.9624996
18.9125004,11.109375,0.0749999955,23.6000004,-26.4624996
21.0375004,9.796875,0.0,25.3500004,0.349999994
22.7875004,7.6015625,0.0,27.1625004,14.8500004
21.9750004,12.640625,0.0,27.2875004,-18.2124996
21.9750004,12.640625,2.94999981,27.2875004,-18.2124996
20.4750004,13.0078125,6.77999926,26.1000004,-4.9625001
24.1625004,12.765625,0.875,25.8500004,-28.2437496
24.1625004,12.765625,0.0,25.8500004,-28.2437496
24.1625004,12.765625,0.0,25.8500004,-28.2437496
24.1625004,12.765625,0.0,25.8500004,-28.2437496
24.4125004,11.7109375,0.0,28.4750004,14.0375004
27.4125004,10.890625,0.254999995,29.1000004,-34.8375015
26.6625004,16.25,7.45999908,29.3500004,-32.7437515
26.6625004,16.25,0.0,29.3500004,-32.7437515
26.6625004,16.25,0.0,29.3500004,-32.7437515
26.6625004,16.25,11.6599989,17.1625004,-20.6187496
26.6625004,16.25,1.45499992,17.1625004,-33.8062515
24.5375004,13.265625,0.36500001,28.2875004,-7.0250001
23.7875004,14.1875,2.88499999,28.9125004,-40.4312515
23.7875004,14.1875,16.6049995,28.9125004,-31.3687496
23.7875004,14.1875,3.2750001,28.9125004,-31.3687496
23.7875004,14.1875,3.71000004,28.9125004,-31.3687496
23.7875004,14.1875,60.0249939,16.7875004,-35.3375015
20.0375004,9.7109375,0.0,25.2250004,-23.9312496
17.9750004,10.65625,5.09499979,20.6625004,-10.8999996
16.9750004,9.8515625,0.274999976,23.1000004,8.91250038
20.1625004,9.40625,0.0,24.0375004,10.5375004
21.2250004,11.0390625,0.0,26.2875004,-7.6500001
23.3500004,11.3671875,0.0,27.0375004,1.85000002
23.5375004,12.1875,0.0,27.1625004,-18.3062496
23.5375004,12.1875,17.2950001,21.0375004,-35.5562515
23.5375004,12.1875,16.7749996,21.6000004,-15.0249996
14.6000004,12.1875,15.6849995,7.4749999,-11.3374996
14.6000004,12.1875,0.0,16.3500004,-4.2750001
10.8500004,8.015625,0.555000007,16.3500004,-18.6187496
17.5375004,8.8125,0.0,23.3500004,-14.1499996
19.8500004,11.328125,0.0,23.8500004,-15.5249996
22.2250004,10.859375,0.0,25.7250004,3.9749999
22.2250004,10.859375,0.370000005,25.7250004,3.9749999
22.2875004,12.4453125,0.0,25.8500004,-12.9624996
26.2875004,15.015625,0.0,29.8500004,-8.02499962
22.7250004,15.265625,0.0,23.9125004,-3.4000001
20.5375004,12.0625,0.0,24.2250004,2.7874999
20.5375004,12.0625,0.0,20.8500004,-3.5250001
20.3500004,14.0625,10.3799992,23.6625004,-26.9312496
20.1625004,11.28125,2.375,24.2250004,-9.83749962
15.4750004,7.5546875,0.0,18.9750004,-5.2125001
17.4750004,8.8359375,0.0,22.7875004,-2.7750001
20.9125004,9.9921875,0.0,24.2250004,19.1625004
20.1000004,9.6171875,0.0,24.5375004,5.5374999
22.2250004,11.71875,0.0,25.5375004,-31.6812496
22.2250004,11.71875,15.3500004,12.0375004,-13.2124996
13.6625004,6.50390625,0.0,20.9125004,-8.83749962
13.6625004,6.50390625,13.0200005,19.5375004,-8.71249962
17.7250004,8.7734375,0.674999952,21.7250004,-17.9937496
21.0375004,10.5625,0.0,24.0375004,-15.6499996
21.7875004,11.4140625,0.0,25.8500004,-14.7124996
22.9125004,12.1875,0.0,25.9125004,-13.9624996
23.1625004,12.0234375,0.0,25.8500004,10.4125004
23.0375004,12.375,0.0,25.9750004,9.35000038
23.0375004,12.375,0.0,25.9750004,9.35000038
21.1625004,11.0546875,0.0,25.1000004,-16.5874996
21.1625004,11.0546875,3.93000031,19.3500004,-32.9312515
22.2250004,10.84375,0.0,25.4125004,-1.52499998
21.9125004,12.3828125,0.0,25.4125004,3.0999999
22.0375004,11.3125,0.0,25.8500004,-17.3374996
21.1000004,12.0703125,0.0,24.4750004,-19.5562496
16.1625004,12.0703125,7.18999958,9.47500038,-0.0250000004
19.1625004,12.1015625,1.3499999,18.6000004,-39.4312515
19.1625004,12.1015625,15.4849987,18.6000004,-45.5250015
18.6625004,10.7109375,7.82499981,19.4750004,-12.2124996
18.0375004,11.421875,0.0149999997,22.6625004,-35.3062515
19.0375004,12.25,0.0,24.8500004,7.2874999
19.2875004,12.046875,0.234999985,22.2250004,-0.774999976
18.4125004,10.90625,0.0,21.9125004,-17.8374996
17.5375004,9.09375,0.0,22.7875004,7.2874999
15.2250004,8.5546875,0.0,18.1625004,-3.4625001
15.2250004,8.5546875,0.0,23.4750004,-25.8999996
19.6625004,9.7890625,0.0,22.1625004,-0.837499976
15.7250004,7.06640625,6.84499931,19.6000004,-48.3062515
19.4750004,10.7734375,0.74000001,22.7250004,-36.7437515
14.8500004,7.91015625,10.0200005,16.5375004,-2.8375001
14.8500004,7.91015625,0.620000005,16.5375004,-2.8375001
14.8500004,7.91015625,9.90500069,11.7875004,-14.8374996
12.0375004,6.75,0.0,16.2875004,-1.08749998
16.3500004,8.6796875,0.0,17.6000004,-21.2437496
12.9125004,5.53125,0.0,16.6625004,-18.5562496
12.9125004,5.53125,9.85499954,16.6625004,-18.0562496
7.9749999,5.578125,0.339999974,9.47500038,-24.4312496
5.4749999,4.4296875,0.0,8.85000038,-10.0249996
6.5374999,4.4296875,0.234999985,9.03750038,-3.0875001
13.4750004,6.57421875,0.0,14.8500004,-37.0250015
16.4125004,8.125,0.0,16.1000004,14.3500004
15.1625004,7.609375,0.0,17.4750004,-5.5250001
17.6625004,7.171875,0.0,19.2875004,14.6625004
18.9125004,10.5703125,0.0,21.5375004,7.2874999
18.7250004,10.46875,0.0,21.3500004,10.8500004
18.7250004,10.46875,2.33500004,21.1625004,-39.6500015
11.9750004,6.18359375,0.0,10.9750004,-0.899999976
11.9750004,6.18359375,0.0649999976,2.1624999,-32.6500015
8.53750038,4.07421875,0.0,14.6000004,-17.0874996
8.53750038,4.07421875,0.0,7.8499999,-19.2124996
11.5375004,5.25390625,0.0,13.6000004,-34.8687515
11.5375004,5.25390625,13.4650002,-0.462500006,-28.3687496
11.5375004,5.25390625,0.129999995,30.2875004,-38.4312515
18.7250004,10.4921875,0.0,21.1625004,-30.6499996
18.7250004,10.4921875,6.10499954,7.0999999,-2.0875001
18.7250004,10.4921875,0.0,11.7250004,-3.4625001
9.41250038,5.27734375,0.0,12.2250004,-15.3999996
9.41250038,5.27734375,3.59500027,2.4124999,-33.6812515
18.7875004,11.578125,1.55999994,20.2250004,-6.7125001
18.7875004,11.578125,13.1350002,20.2250004,-34.0250015
11.9125004,5.75,0.0,12.6000004,-23.0874996
11.9125004,5.75,0.0,10.3500004,-5.5875001
11.9125004,5.75,0.0,10.3500004,-5.5875001
11.9125004,5.75,0.0,10.3500004,-5.5875001
11.9125004,5.75,0.0,10.3500004,-5.5875001
11.9125004,5.75,0.0,10.3500004,-5.5875001
11.9125004,5.75,0.0,10.3500004,-5.5875001
11.9125004,5.75,0.0,10.3500004,-5.5875001
11.9125004,5.75,0.0,10.3500004,-5.5875001
11.9125004,5.75,0.0,10.3500004,-5.5875001
11.9125004,5.75,0.0,10.3500004,-5.5875001
11.9125004,5.75,0.0,10.3500004,-5.5875001
11.9125004,5.75,0.0,10.3500004,-5.5875001
11.9125004,5.75,0.0,10.3500004,-5.5875001
11.9125004,5.75,0.0,10.3500004,-5.5875001
11.9125004,5.75,0.0,10.3500004,-5.5875001
11.9125004,5.75,0.0,10.3500004,-5.5875001
11.9125004,5.75,0.0,10.3500004,-5.5875001
11.9125004,5.75,0.0,10.3500004,-5.5875001
11.9125004,5.75,0.0,10.3500004,-5.5875001
11.9125004,5.75,0.0,10.3500004,-5.5875001
11.9125004,5.75,0.0,10.3500004,-5.5875001
11.9125004,5.75,0.0,10.3500004,-5.5875001
11.9125004,5.75,0.0,10.3500004,-5.5875001
11.9125004,5.75,0.0,10.3500004,-5.5875001
11.9125004,5.75,0.0,10.3500004,-5.5875001
11.9125004,5.75,0.0,10.3500004,-5.5875001
11.9125004,5.75,0.0,10.3500004,-5.5875001
11.9125004,5.75,0.0,10.3500004,-5.5875001
11.9125004,5.75,0.0,10.3500004,-5.5875001
11.9125004,5.75,0.0,10.3500004,-5.5875001
11.9125004,5.75,0.0,10.3500004,-5.5875001
11.9125004,5.75,0.0,10.3500004,-5.5875001
11.9125004,5.75,0.0,10.3500004,-5.5875001
11.9125004,5.75,0.0,10.3500004,-5.5875001
11.9125004,5.75,0.0,10.3500004,-5.5875001
11.9125004,5.75,0.0,10.3500004,-5.5875001
11.9125004,5.75,0.0,10.3500004,-5.5875001
11.9125004,5.75,0.0,10.3500004,-5.5875001
11.9125004,5.75,0.0,10.3500004,-5.5875001
11.9125004,5.75,0.0,10.3500004,-5.5875001
11.9125004,5.75,0.0,10.3500004,-5.5875001
11.9125004,5.75,0.0,10.3500004,-5.5875001
11.9125004,5.75,0.0,10.3500004,-5.5875001
11.9125004,5.75,0.0,10.3500004,-5.5875001
11.9125004,5.75,0.0,10.3500004,-5.5875001
11.9125004,5.75,0.0,10.3500004,-5.5875001
11.9125004,5.75,0.0,10.3500004,-5.5875001
11.9125004,5.75,0.0,10.3500004,-5.5875001
11.9125004,5.75,0.0,10.3500004,-5.5875001
11.9125004,5.75,0.0,10.3500004,-5.5875001
11.9125004,5.75,0.0,10.3500004,-5.5875001
11.9125004,5.75,0.0,10.3500004,-5.5875001
11.9125004,5.75,0.0,10.3500004,-5.5875001
11.9125004,5.75,0.0,10.3500004,-5.5875001
11.9125004,5.75,0.0,10.3500004,-5.5875001
11.9125004,5.75,0.0,10.3500004,-5.5875001
11.9125004,5.75,0.0,10.3500004,-5.5875001
11.9125004,5.75,0.0,10.3500004,-5.5875001
11.9125004,5.75,0.0,10.3500004,-5.5875001
11.9125004,5.75,0.0,10.3500004,-5.5875001
11.9125004,5.75,0.0,10.3500004,-5.5875001
11.9125004,5.75,0.0,10.3500004,-5.5875001
11.9125004,5.75,0.0,10.3500004,-5.5875001
11.9125004,5.75,0.0,10.3500004,-5.5875001
11.9125004,5.75,0.0,10.3500004,-5.5875001
11.9125004,5.75,13.8549995,10.3500004,-35.4312515
11.9125004,5.75,5.98999977,10.3500004,-35.4312515
11.9125004,5.75,0.0,9.66250038,-6.8375001
8.28750038,4.8515625,0.0,9.72500038,-10.5249996
8.28750038,4.8515625,0.0,9.72500038,-10.5249996
10.1625004,6.0078125,0.0,10.0375004,-25.0562496
10.4750004,5.8125,0.0,10.6000004,-25.0562496
14.2875004,6.78125,0.0,14.4750004,-44.1812515
9.97500038,5.9140625,3.19499969,11.9750004,-16.6499996
8.10000038,6.390625,0.0,10.6625004,2.3499999
8.10000038,6.390625,0.0,10.6625004,-0.0250000004
8.10000038,6.390625,17.9650021,10.6625004,-17.1499996
8.10000038,6.390625,31.9699974,8.10000038,-18.3687496
3.4749999,5.03515625,0.0,3.0999999,-8.08749962
3.4749999,5.03515625,0.0,3.0999999,-15.9624996
8.22500038,5.5546875,0.0,8.22500038,-18.5562496
6.9749999,4.7578125,14.5599995,5.8499999,-13.8374996
5.0999999,3.63867188,0.164999992,6.5999999,-23.2437496
0.0375000015,3.63867188,5.875,-4.5250001,-14.5249996
4.0374999,3.81054688,0.0,2.5999999,-31.8062496
-2.0250001,2.60546875,1.25499988,-2.5875001,-35.0875015
0.100000001,1.66308594,0.0,0.412499994,-31.0874996
-0.400000006,2.75390625,0.0,3.7249999,-15.2749996
-2.0250001,1.90820312,0.375,-4.2125001,-19.7437496
-2.0250001,1.90820312,0.00499999989,-14.5874996,-25.9937496
0.600000024,3.109375,1.91999996,2.0999999,-15.0249996
-4.4625001,1.90527344,0.75999999,-3.4000001,-27.1499996
-4.4625001,1.90527344,0.569999993,-3.4000001,-27.8999996
2.3499999,5.51953125,3.55999994,0.412499994,-9.02499962
2.3499999,5.51953125,17.0749989,0.412499994,-41.2125015
5.4124999,6.01171875,1.30999994,-3.1500001,-17.8062496
5.4124999,6.01171875,44.375,-3.1500001,-52.6500015
-3.7125001,1.48925781,1.0,-3.1500001,-23.0249996
-3.9000001,1.80664062,0.0,-1.02499998,-23.1187496
1.60000002,2.63867188,0.0,-0.899999976,-9.58749962
1.60000002,2.63867188,2.42999983,0.662500024,-35.5562515
1.60000002,2.63867188,2.74999976,1.53750002,-50.9312515
1.60000002,2.63867188,7.53999996,1.53750002,-8.08749962
1.60000002,2.63867188,8.31999969,1.53750002,-49.3062515
-1.33749998,2.625,1.23500001,2.9749999,-22.7124996
-1.64999998,2.625,0.105000004,-9.21249962,-33.7437515
-1.64999998,2.625,0.0299999993,-9.21249962,-27.3062496
-5.7750001,2.20507812,0.0,-12.3999996,-17.1812496
-1.89999998,2.20507812,2.74000001,-9.89999962,-26.7749996
-1.89999998,2.20507812,6.85499954,-9.89999962,-7.9625001
-2.4000001,2.43164062,0.0,-4.0875001,-20.8687496
-2.4000001,2.43164062,0.0,-4.0875001,-20.8687496
6.5999999,5.93359375,0.529999971,5.0999999,-48.0250015
9.22500038,5.69921875,7.41499996,6.2249999,-32.9000015
9.22500038,5.69921875,5.05999994,11.8500004,-37.7437515
-0.837499976,3.16796875,5.76499987,-5.7750001,-20.3999996
-0.837499976,3.16796875,0.344999999,-5.7750001,-20.3999996
2.2874999,4.07421875,28.3949966,-13.2124996,-28.8374996
