time, AIRS3STD_7_0_H2O_MMR_Surf_A
2020-01-01,3.5078125
2020-01-02,3.65234375
2020-01-03,-9999.0
2020-01-04,-9999.0
2020-01-05,2.3515625
2020-01-06,-9999.0
2020-01-07,-9999.0
2020-01-08,-9999.0
2020-01-09,2.49023438
2020-01-10,-9999.0
2020-01-11,-9999.0
2020-01-12,-9999.0
2020-01-13,-9999.0
2020-01-14,4.3828125
2020-01-15,-9999.0
2020-01-16,1.92480469
2020-01-17,1.1484375
2020-01-18,-9999.0
2020-01-19,2.0546875
2020-01-20,1.70703125
2020-01-21,1.96386719
2020-01-22,2.53710938
2020-01-23,3.32421875
2020-01-24,4.734375
2020-01-25,-9999.0
2020-01-26,3.73828125
2020-01-27,-9999.0
2020-01-28,2.46875
2020-01-29,-9999.0
2020-01-30,2.19726562
2020-01-31,-9999.0
2020-02-01,1.765625
2020-02-02,3.23632812
2020-02-03,4.28125
2020-02-04,4.99609375
2020-02-05,-9999.0
2020-02-06,-9999.0
2020-02-07,-9999.0
2020-02-08,1.39648438
2020-02-09,3.04882812
2020-02-10,3.53320312
2020-02-11,-9999.0
2020-02-12,2.54882812
2020-02-13,-9999.0
2020-02-14,-9999.0
2020-02-15,2.359375
2020-02-16,-9999.0
2020-02-17,2.046875
2020-02-18,5.2734375
2020-02-19,2.29882812
2020-02-20,-9999.0
2020-02-21,2.25195312
2020-02-22,3.47851562
2020-02-23,3.44921875
2020-02-24,4.31640625
2020-02-25,4.48046875
2020-02-26,4.734375
2020-02-27,-9999.0
2020-02-28,1.91894531
2020-02-29,1.46191406
2020-03-01,2.98242188
2020-03-02,4.23828125
2020-03-03,-9999.0
2020-03-04,2.75585938
2020-03-05,3.71289062
2020-03-06,4.484375
2020-03-07,2.65429688
2020-03-08,4.29296875
2020-03-09,5.6875
2020-03-10,-9999.0
2020-03-11,-9999.0
2020-03-12,-9999.0
2020-03-13,-9999.0
2020-03-14,3.61328125
2020-03-15,2.8203125
2020-03-16,3.05859375
2020-03-17,-9999.0
2020-03-18,4.73828125
2020-03-19,-9999.0
2020-03-20,9.328125
2020-03-21,2.18554688
2020-03-22,2.45703125
2020-03-23,-9999.0
2020-03-24,3.54296875
2020-03-25,4.37109375
2020-03-26,-9999.0
2020-03-27,3.29296875
2020-03-28,-9999.0
2020-03-29,-9999.0
2020-03-30,-9999.0
2020-03-31,-9999.0
2020-04-01,3.984375
2020-04-02,-9999.0
2020-04-03,7.44921875
2020-04-04,-9999.0
2020-04-05,-9999.0
2020-04-06,2.9375
2020-04-07,4.05078125
2020-04-08,-9999.0
2020-04-09,3.90234375
2020-04-10,2.65625
2020-04-11,2.8046875
2020-04-12,-9999.0
2020-04-13,-9999.0
2020-04-14,-9999.0
2020-04-15,2.4609375
2020-04-16,2.30664062
2020-04-17,-9999.0
2020-04-18,3.69335938
2020-04-19,-9999.0
2020-04-20,-9999.0
2020-04-21,3.1640625
2020-04-22,2.06640625
2020-04-23,3.94140625
2020-04-24,-9999.0
2020-04-25,4.328125
2020-04-26,-9999.0
2020-04-27,-9999.0
2020-04-28,4.66796875
2020-04-29,-9999.0
2020-04-30,-9999.0
2020-05-01,-9999.0
2020-05-02,-9999.0
2020-05-03,6.203125
2020-05-04,-9999.0
2020-05-05,2.609375
2020-05-06,-9999.0
2020-05-07,-9999.0
2020-05-08,2.9140625
2020-05-09,3.05078125
2020-05-10,-9999.0
2020-05-11,4.70703125
2020-05-12,-9999.0
2020-05-13,-9999.0
2020-05-14,-9999.0
2020-05-15,-9999.0
2020-05-16,-9999.0
2020-05-17,-9999.0
2020-05-18,-9999.0
2020-05-19,-9999.0
2020-05-20,-9999.0
2020-05-21,3.88671875
2020-05-22,-9999.0
2020-05-23,8.890625
2020-05-24,-9999.0
2020-05-25,-9999.0
2020-05-26,-9999.0
2020-05-27,-9999.0
2020-05-28,-9999.0
2020-05-29,-9999.0
2020-05-30,-9999.0
2020-05-31,-9999.0
2020-06-01,-9999.0
2020-06-02,-9999.0
2020-06-03,-9999.0
2020-06-04,9.40625
2020-06-05,-9999.0
2020-06-06,-9999.0
2020-06-07,-9999.0
2020-06-08,8.1328125
2020-06-09,13.03125
2020-06-10,15.4296875
2020-06-11,-9999.0
2020-06-12,-9999.0
2020-06-13,-9999.0
2020-06-14,-9999.0
2020-06-15,6.796875
2020-06-16,-9999.0
2020-06-17,-9999.0
2020-06-18,9.8359375
2020-06-19,11.484375
2020-06-20,12.828125
2020-06-21,-9999.0
2020-06-22,12.390625
2020-06-23,-9999.0
2020-06-24,9.4765625
2020-06-25,-9999.0
2020-06-26,8.46875
2020-06-27,13.4921875
2020-06-28,13.0546875
2020-06-29,-9999.0
2020-06-30,-9999.0
2020-07-01,-9999.0
2020-07-02,-9999.0
2020-07-03,-9999.0
2020-07-04,8.0625
2020-07-05,12.96875
2020-07-06,13.484375
2020-07-07,15.96875
2020-07-08,15.390625
2020-07-09,-9999.0
2020-07-10,16.03125
2020-07-11,15.5859375
2020-07-12,11.875
2020-07-13,-9999.0
2020-07-14,12.0859375
2020-07-15,-9999.0
2020-07-16,-9999.0
2020-07-17,12.9609375
2020-07-18,-9999.0
2020-07-19,16.390625
2020-07-20,13.671875
2020-07-21,11.421875
2020-07-22,-9999.0
2020-07-23,-9999.0
2020-07-24,12.40625
2020-07-25,-9999.0
2020-07-26,16.609375
2020-07-27,17.65625
2020-07-28,9.421875
2020-07-29,13.8046875
2020-07-30,11.0
2020-07-31,11.1484375
2020-08-01,10.7578125
2020-08-02,15.90625
2020-08-03,12.5546875
2020-08-04,-9999.0
2020-08-05,9.8046875
2020-08-06,9.4140625
2020-08-07,12.7890625
2020-08-08,12.546875
2020-08-09,12.8515625
2020-08-10,-9999.0
2020-08-11,16.234375
2020-08-12,11.6640625
2020-08-13,13.2265625
2020-08-14,12.28125
2020-08-15,-9999.0
2020-08-16,-9999.0
2020-09-02,-9999.0
2020-09-03,11.59375
2020-09-04,7.546875
2020-09-05,8.859375
2020-09-06,8.25
2020-09-07,13.9609375
2020-09-08,14.015625
2020-09-09,14.8828125
2020-09-10,11.4921875
2020-09-11,-9999.0
2020-09-12,10.828125
2020-09-13,13.1484375
2020-09-14,6.2109375
2020-09-15,7.37890625
2020-09-16,8.921875
2020-09-17,8.625
2020-09-18,-9999.0
2020-09-19,5.19921875
2020-09-20,5.25390625
2020-09-21,5.78125
2020-09-22,8.1796875
2020-09-23,9.484375
2020-09-24,9.4765625
2020-09-25,10.8359375
2020-09-26,12.0390625
2020-09-27,-9999.0
2020-09-28,12.6796875
2020-09-29,-9999.0
2020-09-30,-9999.0
2020-10-01,6.9296875
2020-10-02,6.9609375
2020-10-03,5.328125
2020-10-04,-9999.0
2020-10-05,7.24609375
2020-10-06,7.76953125
2020-10-07,7.3828125
2020-10-08,4.96484375
2020-10-09,7.44140625
2020-10-10,10.28125
2020-10-11,6.703125
2020-10-12,10.0234375
2020-10-13,-9999.0
2020-10-14,6.06640625
2020-10-15,8.328125
2020-10-16,-9999.0
2020-10-17,4.171875
2020-10-18,-9999.0
2020-10-19,-9999.0
2020-10-20,-9999.0
2020-10-21,-9999.0
2020-10-22,-9999.0
2020-10-23,11.6953125
2020-10-24,-9999.0
2020-10-25,5.16796875
2020-10-26,-9999.0
2020-10-27,-9999.0
2020-10-28,6.078125
2020-10-29,-9999.0
2020-10-30,3.50390625
2020-10-31,4.01953125
2020-11-01,-9999.0
2020-11-02,3.046875
2020-11-03,-9999.0
2020-11-04,7.19140625
2020-11-05,-9999.0
2020-11-06,-9999.0
2020-11-07,-9999.0
2020-11-08,6.49609375
2020-11-09,-9999.0
2020-11-10,7.97265625
2020-11-11,-9999.0
2020-11-12,-9999.0
2020-11-13,5.3203125
2020-11-14,-9999.0
2020-11-15,-9999.0
2020-11-16,-9999.0
2020-11-17,2.20507812
2020-11-18,2.19335938
2020-11-19,6.890625
2020-11-20,-9999.0
2020-11-21,-9999.0
2020-11-22,-9999.0
2020-11-23,-9999.0
2020-11-24,2.99609375
2020-11-25,5.7421875
2020-11-26,-9999.0
2020-11-27,-9999.0
2020-11-28,-9999.0
2020-11-29,4.5234375
2020-11-30,-9999.0
2020-12-01,-9999.0
2020-12-02,-9999.0
2020-12-03,3.76953125
2020-12-04,-9999.0
2020-12-05,-9999.0
2020-12-06,-9999.0
2020-12-07,-9999.0
2020-12-08,-9999.0
2020-12-09,3.8125
2020-12-10,-9999.0
2020-12-11,5.80859375
2020-12-12,-9999.0
2020-12-13,-9999.0
2020-12-14,-9999.0
2020-12-15,2.51757812
2020-12-16,-9999.0
2020-12-17,2.24414062
2020-12-18,2.22070312
2020-12-19,-9999.0
2020-12-20,3.65820312
2020-12-21,2.95898438
2020-12-22,3.12109375
2020-12-23,4.10546875
2020-12-24,-9999.0
2020-12-25,-9999.0
2020-12-26,-9999.0
2020-12-27,3.4609375
2020-12-28,-9999.0
2020-12-29,1.86328125
2020-12-30,5.30859375
2020-12-31,3.5703125
2021-01-01,-9999.0
2021-01-02,3.95898438
2021-01-03,4.1875
2021-01-04,-9999.0
2021-01-05,4.09765625
2021-01-06,4.34765625
2021-01-07,-9999.0
2021-01-08,-9999.0
2021-01-09,2.74804688
2021-01-10,2.54492188
2021-01-11,2.95117188
2021-01-12,-9999.0
2021-01-13,-9999.0
2021-01-14,-9999.0
2021-01-15,2.89257812
2021-01-16,3.1875
2021-01-17,-9999.0
2021-01-18,2.359375
2021-01-19,2.81054688
2021-01-20,1.41796875
2021-01-21,-9999.0
2021-01-22,-9999.0
2021-01-23,1.53027344
2021-01-24,1.62988281
2021-01-25,2.08984375
2021-01-26,-9999.0
2021-01-27,2.65039062
2021-01-28,1.41015625
2021-01-29,1.85644531
2021-01-30,1.80078125
2021-01-31,1.92480469
2021-02-01,2.85351562
2021-02-02,-9999.0
2021-02-03,2.35351562
2021-02-04,3.50585938
2021-02-05,2.91992188
2021-02-06,1.41796875
2021-02-07,-9999.0
2021-02-08,1.84863281
2021-02-09,2.50390625
2021-02-10,1.60839844
2021-02-11,1.46875
2021-02-12,1.1015625
2021-02-13,3.84960938
2021-02-14,2.54101562
2021-02-15,-9999.0
2021-02-16,-9999.0
2021-02-17,1.51855469
2021-02-18,-9999.0
2021-02-19,2.73632812
2021-02-20,1.85351562
2021-02-21,1.82324219
2021-02-22,-9999.0
2021-02-23,3.48242188
2021-02-24,5.25390625
2021-02-25,2.50585938
2021-02-26,2.7578125
2021-02-27,-9999.0
2021-02-28,-9999.0
2021-03-01,1.75976562
2021-03-02,1.85449219
2021-03-03,2.828125
2021-03-04,1.71191406
2021-03-05,1.54101562
2021-03-06,-9999.0
2021-03-07,1.69921875
2021-03-08,3.97460938
2021-03-09,3.72265625
2021-03-10,5.23828125
2021-03-11,6.76171875
2021-03-12,4.5546875
2021-03-13,2.85351562
2021-03-14,2.01953125
2021-03-15,2.0703125
2021-03-16,3.57617188
2021-03-17,4.609375
2021-03-18,-9999.0
2021-03-19,2.49609375
2021-03-20,-9999.0
2021-03-21,4.765625
2021-03-22,-9999.0
2021-03-23,5.71484375
2021-03-24,7.359375
2021-03-25,6.11328125
2021-03-26,-9999.0
2021-03-27,-9999.0
2021-03-28,-9999.0
2021-03-29,2.96875
2021-03-30,5.6171875
2021-03-31,-9999.0
2021-04-01,3.24414062
2021-04-02,-9999.0
2021-04-03,3.47070312
2021-04-04,5.015625
2021-04-05,4.05078125
2021-04-06,2.67578125
2021-04-07,-9999.0
2021-04-08,7.36328125
2021-04-09,-9999.0
2021-04-10,6.72265625
2021-04-11,-9999.0
2021-04-12,-9999.0
2021-04-13,5.75390625
2021-04-14,5.2421875
2021-04-15,-9999.0
2021-04-16,4.58203125
2021-04-17,4.64453125
2021-04-18,4.41015625
2021-04-19,4.625
2021-04-20,-9999.0
2021-04-21,-9999.0
2021-04-22,2.81054688
2021-04-23,-9999.0
2021-04-24,4.86328125
2021-04-25,5.140625
2021-04-26,2.50585938
2021-04-27,-9999.0
2021-04-28,-9999.0
2021-04-29,-9999.0
2021-04-30,-9999.0
2021-05-01,3.875
2021-05-02,-9999.0
2021-05-03,-9999.0
2021-05-04,-9999.0
2021-05-05,-9999.0
2021-05-06,3.79492188
2021-05-07,-9999.0
2021-05-08,4.62109375
2021-05-09,-9999.0
2021-05-10,4.93359375
2021-05-11,-9999.0
2021-05-12,5.36328125
2021-05-13,-9999.0
2021-05-14,-9999.0
2021-05-15,-9999.0
2021-05-16,-9999.0
2021-05-17,5.6171875
2021-05-18,-9999.0
2021-05-19,9.3984375
2021-05-20,-9999.0
2021-05-21,-9999.0
2021-05-22,-9999.0
2021-05-23,-9999.0
2021-05-24,6.8828125
2021-05-25,-9999.0
2021-05-26,-9999.0
2021-05-27,-9999.0
2021-05-28,-9999.0
2021-05-29,-9999.0
2021-05-30,-9999.0
2021-05-31,-9999.0
2021-06-01,-9999.0
2021-06-02,-9999.0
2021-06-03,-9999.0
2021-06-04,10.6640625
2021-06-05,-9999.0
2021-06-06,12.0625
2021-06-07,-9999.0
2021-06-08,-9999.0
2021-06-09,14.8984375
2021-06-10,-9999.0
2021-06-11,11.6953125
2021-06-12,-9999.0
2021-06-13,9.2421875
2021-06-14,-9999.0
2021-06-15,-9999.0
2021-06-16,5.328125
2021-06-17,6.59375
2021-06-18,-9999.0
2021-06-19,-9999.0
2021-06-20,10.8515625
2021-06-21,-9999.0
2021-06-22,-9999.0
2021-06-23,5.671875
2021-06-24,-9999.0
2021-06-25,-9999.0
2021-06-26,-9999.0
2021-06-27,-9999.0
2021-06-28,-9999.0
2021-06-29,14.296875
2021-06-30,-9999.0
2021-07-01,-9999.0
2021-07-02,-9999.0
2021-07-03,-9999.0
2021-07-04,8.703125
2021-07-05,12.8515625
2021-07-06,15.7890625
2021-07-07,-9999.0
2021-07-08,13.734375
2021-07-09,12.5859375
2021-07-10,-9999.0
2021-07-11,-9999.0
2021-07-12,-9999.0
2021-07-13,16.40625
2021-07-14,-9999.0
2021-07-15,12.609375
2021-07-16,-9999.0
2021-07-17,-9999.0
2021-07-18,12.2578125
2021-07-19,12.578125
2021-07-20,11.828125
2021-07-21,10.1953125
2021-07-22,9.3984375
2021-07-23,9.984375
2021-07-24,-9999.0
2021-07-25,11.84375
2021-07-26,10.0859375
2021-07-27,-9999.0
2021-07-28,-9999.0
2021-07-29,-9999.0
2021-07-30,8.5546875
2021-07-31,7.98828125
2021-08-01,-9999.0
2021-08-02,7.8359375
2021-08-03,10.421875
2021-08-04,9.828125
2021-08-05,12.03125
2021-08-06,11.28125
2021-08-07,13.9453125
2021-08-08,14.234375
2021-08-09,14.4375
2021-08-10,17.09375
2021-08-11,16.109375
2021-08-12,-9999.0
2021-08-13,-9999.0
2021-08-14,10.25
2021-08-15,9.234375
2021-08-16,11.7265625
2021-08-17,16.90625
2021-08-18,-9999.0
2021-08-19,13.75
2021-08-20,13.5625
2021-08-21,16.015625
2021-08-22,15.59375
2021-08-23,15.453125
2021-08-24,12.1015625
2021-08-25,15.90625
2021-08-26,16.5625
2021-08-27,14.578125
2021-08-28,15.859375
2021-08-29,-9999.0
2021-08-30,12.8828125
2021-08-31,11.296875
2021-09-01,-9999.0
2021-09-02,-9999.0
2021-09-03,9.0234375
2021-09-04,10.046875
2021-09-05,-9999.0
2021-09-06,9.546875
2021-09-07,9.6015625
2021-09-08,10.6171875
2021-09-09,9.1015625
2021-09-10,7.84375
2021-09-11,10.015625
2021-09-12,-9999.0
2021-09-13,10.2265625
2021-09-14,-9999.0
2021-09-15,-9999.0
2021-09-16,8.8828125
2021-09-17,13.6875
2021-09-18,10.7578125
2021-09-19,7.96484375
2021-09-20,10.859375
2021-09-21,-9999.0
2021-09-22,-9999.0
2021-09-23,-9999.0
2021-09-24,8.53125
2021-09-25,7.625
2021-09-26,7.28125
2021-09-27,10.390625
2021-09-28,7.28125
2021-09-29,8.0546875
2021-09-30,-9999.0
2021-10-01,7.68359375
2021-10-02,10.625
2021-10-03,11.5859375
2021-10-04,9.5546875
2021-10-05,10.3671875
2021-10-06,10.0
2021-10-07,-9999.0
2021-10-08,10.234375
2021-10-09,-9999.0
2021-10-10,11.203125
2021-10-11,11.390625
2021-10-12,11.9921875
2021-10-13,10.6328125
2021-10-14,11.828125
2021-10-15,10.265625
2021-10-16,-9999.0
2021-10-17,5.76953125
2021-10-18,-9999.0
2021-10-19,7.3828125
2021-10-20,8.203125
2021-10-21,7.83203125
2021-10-22,-9999.0
2021-10-23,-9999.0
2021-10-24,6.44921875
2021-10-25,8.9453125
2021-10-26,-9999.0
2021-10-27,7.09765625
2021-10-28,7.6796875
2021-10-29,7.59765625
2021-10-30,-9999.0
2021-10-31,-9999.0
2021-11-01,-9999.0
2021-11-02,4.31640625
2021-11-03,3.9921875
2021-11-04,4.1171875
2021-11-05,-9999.0
2021-11-06,5.203125
2021-11-07,5.95703125
2021-11-08,7.26171875
2021-11-09,6.68359375
2021-11-10,-9999.0
2021-11-11,6.71484375
2021-11-12,5.12890625
2021-11-13,3.34570312
2021-11-14,4.34375
2021-11-15,3.2890625
2021-11-16,3.36914062
2021-11-17,-9999.0
2021-11-18,-9999.0
2021-11-19,-9999.0
2021-11-20,4.94140625
2021-11-21,5.09765625
2021-11-22,-9999.0
2021-11-23,2.53125
2021-11-24,5.890625
2021-11-25,6.8671875
2021-11-26,-9999.0
2021-11-27,2.95898438
2021-11-28,-9999.0
2021-11-29,2.60742188
2021-11-30,-9999.0
2021-12-01,4.41796875
2021-12-02,-9999.0
2021-12-03,-9999.0
2021-12-04,3.56640625
2021-12-05,4.04296875
2021-12-06,-9999.0
2021-12-07,-9999.0
2021-12-08,2.87304688
2021-12-09,3.5703125
2021-12-10,-9999.0
2021-12-11,-9999.0
2021-12-12,3.28710938
2021-12-13,3.80859375
2021-12-14,-9999.0
2021-12-15,-9999.0
2021-12-16,-9999.0
2021-12-17,-9999.0
2021-12-18,-9999.0
2021-12-19,-9999.0
2021-12-20,4.07421875
2021-12-21,3.53710938
2021-12-22,2.11914062
2021-12-23,1.83203125
2021-12-24,4.23046875
2021-12-25,5.0625
2021-12-26,-9999.0
2021-12-27,-9999.0
2021-12-28,-9999.0
2021-12-29,-9999.0
2021-12-30,-9999.0
2021-12-31,-9999.0
2022-01-01,-9999.0
2022-01-02,-9999.0
2022-01-03,2.68554688
2022-01-04,-9999.0
2022-01-05,4.30859375
2022-01-06,-9999.0
2022-01-07,1.79492188
2022-01-08,2.61914062
2022-01-09,-9999.0
2022-01-10,1.59765625
2022-01-11,0.81640625
2022-01-12,3.69921875
2022-01-13,-9999.0
2022-01-14,1.65429688
2022-01-15,1.72558594
2022-01-16,2.51757812
2022-01-17,-9999.0
2022-01-18,2.62890625
2022-01-19,-9999.0
2022-01-20,-9999.0
2022-01-21,1.30273438
2022-01-22,1.33691406
2022-01-23,1.66601562
2022-01-24,1.85546875
2022-01-25,2.00390625
2022-01-26,1.13671875
2022-01-27,3.27539062
2022-01-28,1.59082031
2022-01-29,1.29492188
2022-01-30,1.37695312
2022-01-31,1.859375
2022-02-01,3.09765625
2022-02-02,4.5390625
2022-02-03,-9999.0
2022-02-04,2.97070312
2022-02-05,-9999.0
2022-02-06,2.79882812
2022-02-07,2.84570312
2022-02-08,1.71777344
2022-02-09,-9999.0
2022-02-10,3.64453125
2022-02-11,3.69335938
2022-02-12,3.05273438
2022-02-13,1.75976562
2022-02-14,2.015625
2022-02-15,1.56542969
2022-02-16,5.05078125
2022-02-17,-9999.0
2022-02-18,2.45507812
2022-02-19,-9999.0
2022-02-20,3.3203125
2022-02-21,-9999.0
2022-02-22,-9999.0
2022-02-23,-9999.0
2022-02-24,2.53515625
2022-02-25,-9999.0
2022-02-26,2.515625
2022-02-27,2.94921875
2022-02-28,-9999.0
2022-03-01,3.83007812
2022-03-02,3.48242188
2022-03-03,2.0390625
2022-03-04,2.74414062
2022-03-05,-9999.0
2022-03-06,6.73046875
2022-03-07,-9999.0
2022-03-08,2.63671875
2022-03-09,-9999.0
2022-03-10,3.09179688
2022-03-11,3.8515625
2022-03-12,-9999.0
2022-03-13,2.3671875
2022-03-14,4.45703125
2022-03-15,-9999.0
2022-03-16,5.6796875
2022-03-17,6.5390625
2022-03-18,6.33203125
2022-03-19,6.5078125
2022-03-20,4.87109375
2022-03-21,3.40820312
2022-03-22,2.93554688
2022-03-23,-9999.0
2022-03-24,6.4140625
2022-03-25,-9999.0
2022-03-26,4.4609375
2022-03-27,3.57226562
2022-03-28,1.84570312
2022-03-29,2.51953125
2022-03-30,-9999.0
2022-03-31,-9999.0
2022-04-13,-9999.0
2022-04-14,-9999.0
2022-04-15,-9999.0
2022-04-16,4.08203125
2022-04-17,-9999.0
2022-04-18,-9999.0
2022-04-19,-9999.0
2022-04-20,3.62695312
2022-04-21,-9999.0
2022-04-22,4.078125
2022-04-23,-9999.0
2022-04-24,7.7890625
2022-04-25,9.6328125
2022-04-26,-9999.0
2022-04-27,3.79296875
2022-04-28,2.75976562
2022-04-29,-9999.0
2022-04-30,-9999.0
2022-05-01,-9999.0
2022-05-02,-9999.0
2022-05-03,-9999.0
2022-05-04,-9999.0
2022-05-05,-9999.0
2022-05-06,-9999.0
2022-05-07,-9999.0
2022-05-08,4.13671875
2022-05-09,3.99804688
2022-05-10,-9999.0
2022-05-11,5.5546875
2022-05-12,6.28125
2022-05-13,10.953125
2022-05-14,12.4609375
2022-05-15,-9999.0
2022-05-16,-9999.0
2022-05-17,-9999.0
2022-05-18,4.9921875
2022-05-19,-9999.0
2022-05-20,-9999.0
2022-05-21,-9999.0
2022-05-22,-9999.0
2022-05-23,7.08203125
2022-05-24,-9999.0
2022-05-25,-9999.0
2022-05-26,-9999.0
2022-05-27,-9999.0
2022-05-28,-9999.0
2022-05-29,8.09375
2022-05-30,11.59375
2022-05-31,-9999.0
2022-06-01,-9999.0
2022-06-02,-9999.0
2022-06-03,8.1484375
2022-06-04,-9999.0
2022-06-05,6.3515625
2022-06-06,-9999.0
2022-06-07,-9999.0
2022-06-08,-9999.0
2022-06-09,-9999.0
2022-06-10,7.33203125
2022-06-11,8.6875
2022-06-12,-9999.0
2022-06-13,-9999.0
2022-06-14,10.6484375
2022-06-15,-9999.0
2022-06-16,15.7734375
2022-06-17,9.5625
2022-06-18,-9999.0
2022-06-19,-9999.0
2022-06-20,9.890625
2022-06-21,-9999.0
2022-06-22,16.40625
2022-06-23,-9999.0
2022-06-24,9.1015625
2022-06-25,10.4609375
2022-06-26,13.8359375
2022-06-27,-9999.0
2022-06-28,9.6953125
2022-06-29,-9999.0
2022-06-30,-9999.0
2022-07-01,-9999.0
2022-07-02,-9999.0
2022-07-03,9.8203125
2022-07-04,-9999.0
2022-07-05,-9999.0
2022-07-06,-9999.0
2022-07-07,11.265625
2022-07-08,-9999.0
2022-07-09,7.53125
2022-07-10,9.46875
2022-07-11,-9999.0
2022-07-12,11.2890625
2022-07-13,-9999.0
2022-07-14,9.78125
2022-07-15,-9999.0
2022-07-16,9.71875
2022-07-17,13.484375
2022-07-18,-9999.0
2022-07-19,14.9921875
2022-07-20,15.6796875
2022-07-21,14.9296875
2022-07-22,12.6015625
2022-07-23,12.6640625
2022-07-24,-9999.0
2022-07-25,-9999.0
2022-07-26,10.796875
2022-07-27,-9999.0
2022-07-28,-9999.0
2022-07-29,8.953125
2022-07-30,-9999.0
2022-07-31,12.65625
2022-08-01,-9999.0
2022-08-02,12.78125
2022-08-03,13.5546875
2022-08-04,16.609375
2022-08-05,15.390625
2022-08-06,18.390625
2022-08-07,15.75
2022-08-08,-9999.0
2022-08-09,-9999.0
2022-08-10,11.6875
2022-08-11,13.0703125
2022-08-12,-9999.0
2022-08-13,8.5
2022-08-14,9.2265625
2022-08-15,10.8984375
2022-08-16,11.359375
2022-08-17,-9999.0
2022-08-18,11.2421875
2022-08-19,-9999.0
2022-08-20,13.2890625
2022-08-21,12.8203125
2022-08-22,-9999.0
2022-08-23,13.1328125
2022-08-24,11.4296875
2022-08-25,13.0234375
2022-08-26,-9999.0
2022-08-27,9.7109375
2022-08-28,13.5
2022-08-29,16.0625
2022-08-30,-9999.0
2022-08-31,9.0625
2022-09-01,8.3046875
2022-09-02,11.859375
2022-09-03,13.3359375
2022-09-04,11.71875
2022-09-05,-9999.0
2022-09-06,13.3671875
2022-09-07,11.25
2022-09-08,11.8828125
2022-09-09,10.8125
2022-09-10,11.2265625
2022-09-11,-9999.0
2022-09-12,13.3046875
2022-09-13,9.8828125
2022-09-14,11.6171875
2022-09-15,7.234375
2022-09-16,-9999.0
2022-09-17,12.15625
2022-09-18,-9999.0
2022-09-19,-9999.0
2022-09-20,-9999.0
2022-09-21,13.1171875
2022-09-22,-9999.0
2022-09-23,5.890625
2022-09-24,8.3828125
2022-09-25,-9999.0
2022-09-26,8.9140625
2022-09-27,7.4140625
2022-09-28,8.140625
2022-09-29,6.3671875
2022-09-30,9.3984375
2022-10-01,7.81640625
2022-10-02,7.3359375
2022-10-03,6.7890625
2022-10-04,-9999.0
2022-10-05,9.7421875
2022-10-06,-9999.0
2022-10-07,-9999.0
2022-10-08,3.87890625
2022-10-09,5.74609375
2022-10-10,5.99609375
2022-10-11,7.17578125
2022-10-12,-9999.0
2022-10-13,-9999.0
2022-10-14,5.625
2022-10-15,6.0703125
2022-10-16,6.078125
2022-10-17,-9999.0
2022-10-18,-9999.0
2022-10-19,6.6015625
2022-10-20,-9999.0
2022-10-21,6.7265625
2022-10-22,6.3359375
2022-10-23,7.57421875
2022-10-24,11.2265625
2022-10-25,11.453125
2022-10-26,9.84375
2022-10-27,5.59375
2022-10-28,5.078125
2022-10-29,6.7265625
2022-10-30,-9999.0
2022-10-31,9.6953125
2022-11-01,-9999.0
2022-11-02,6.83203125
2022-11-03,-9999.0
2022-11-04,9.0390625
2022-11-05,-9999.0
2022-11-06,9.765625
2022-11-07,-9999.0
2022-11-08,5.26171875
2022-11-09,6.97265625
2022-11-10,-9999.0
2022-11-11,-9999.0
2022-11-12,-9999.0
2022-11-13,3.03320312
2022-11-14,3.72460938
2022-11-15,-9999.0
2022-11-16,4.69921875
2022-11-17,3.6171875
2022-11-18,2.20703125
2022-11-19,2.71289062
2022-11-20,1.44140625
2022-11-21,3.34960938
2022-11-22,3.41992188
2022-11-23,4.0703125
2022-11-24,5.41796875
2022-11-25,5.62109375
2022-11-26,-9999.0
2022-11-27,-9999.0
2022-11-28,-9999.0
2022-11-29,-9999.0
2022-11-30,-9999.0
2022-12-01,-9999.0
2022-12-02,4.0625
2022-12-03,-9999.0
2022-12-04,2.81835938
2022-12-05,-9999.0
2022-12-06,4.375
2022-12-07,-9999.0
2022-12-08,4.09765625
2022-12-09,3.83007812
2022-12-10,-9999.0
2022-12-11,3.42773438
2022-12-12,3.58007812
2022-12-13,3.71679688
2022-12-14,4.81640625
2022-12-15,-9999.0
2022-12-16,-9999.0
2022-12-17,-9999.0
2022-12-18,1.83789062
2022-12-19,-9999.0
2022-12-20,2.84570312
2022-12-21,-9999.0
2022-12-22,-9999.0
2022-12-23,-9999.0
2022-12-24,1.84277344
2022-12-25,1.42871094
2022-12-26,-9999.0
2022-12-27,2.18554688
2022-12-28,-9999.0
2022-12-29,6.79296875
2022-12-30,7.9375
2022-12-31,-9999.0
2023-01-01,5.1171875
2023-01-02,-9999.0
2023-01-03,-9999.0
2023-01-04,-9999.0
2023-01-05,4.16015625
2023-01-06,3.42382812
2023-01-07,3.18164062
2023-01-08,2.95898438
2023-01-09,-9999.0
2023-01-10,1.9375
2023-01-11,2.59375
2023-01-12,4.9296875
2023-01-13,-9999.0
2023-01-14,2.28320312
2023-01-15,4.3671875
2023-01-16,4.234375
2023-01-17,4.81640625
2023-01-18,-9999.0
2023-01-19,-9999.0
2023-01-20,-9999.0
2023-01-21,-9999.0
2023-01-22,-9999.0
2023-01-23,-9999.0
2023-01-24,-9999.0
2023-01-25,-9999.0
2023-01-26,2.38671875
2023-01-27,-9999.0
2023-01-28,2.45898438
2023-01-29,4.07421875
2023-01-30,-9999.0
2023-01-31,1.6484375
2023-02-01,-9999.0
2023-02-02,-9999.0
2023-02-03,-9999.0
2023-02-04,-9999.0
2023-02-05,3.59765625
2023-02-06,2.61914062
2023-02-07,4.7578125
2023-02-08,-9999.0
2023-02-09,-9999.0
2023-02-10,-9999.0
2023-02-11,3.53320312
2023-02-12,4.5234375
2023-02-13,4.16796875
2023-02-14,4.0703125
2023-02-15,-9999.0
2023-02-16,4.21484375
2023-02-17,-9999.0
2023-02-18,3.08789062
2023-02-19,3.96875
2023-02-20,3.61328125
2023-02-21,3.81445312
2023-02-22,-9999.0
2023-02-23,5.078125
2023-02-24,2.24023438
2023-02-25,1.31738281
2023-02-26,2.984375
2023-02-27,4.13671875
2023-02-28,-9999.0
2023-03-01,-9999.0
2023-03-02,3.95703125
2023-03-03,-9999.0
2023-03-04,4.08984375
2023-03-05,4.13671875
2023-03-06,3.20703125
2023-03-07,2.65820312
2023-03-08,-9999.0
2023-03-09,3.76171875
2023-03-10,-9999.0
2023-03-11,3.3203125
2023-03-12,-9999.0
2023-03-13,-9999.0
2023-03-14,4.265625
2023-03-15,3.09570312
2023-03-16,4.75
2023-03-17,-9999.0
2023-03-18,2.171875
2023-03-19,3.11132812
2023-03-20,3.46289062
2023-03-21,3.35742188
2023-03-22,3.890625
2023-03-23,5.703125
2023-03-24,4.20703125
2023-03-25,6.5
2023-03-26,4.796875
2023-03-27,-9999.0
2023-03-28,3.77148438
2023-03-29,3.4453125
2023-03-30,2.39257812
2023-03-31,-9999.0
2023-04-01,5.109375
2023-04-02,2.33984375
2023-04-03,5.38671875
2023-04-04,-9999.0
2023-04-05,9.640625
2023-04-06,-9999.0
2023-04-07,3.91796875
2023-04-08,2.9140625
2023-04-09,3.37304688
2023-04-10,3.84960938
2023-04-11,5.61328125
2023-04-12,6.40234375
2023-04-13,8.53125
2023-04-14,6.1875
2023-04-15,7.52734375
2023-04-16,9.5703125
2023-04-17,-9999.0
2023-04-18,4.89453125
2023-04-19,-9999.0
2023-04-20,4.5625
2023-04-21,-9999.0
2023-04-22,-9999.0
2023-04-23,-9999.0
2023-04-24,4.43359375
2023-04-25,-9999.0
2023-04-26,5.54296875
2023-04-27,3.50585938
2023-04-28,-9999.0
2023-04-29,-9999.0
2023-04-30,-9999.0
2023-05-01,4.90234375
2023-05-02,-9999.0
2023-05-03,-9999.0
2023-05-04,-9999.0
2023-05-05,-9999.0
2023-05-06,-9999.0
2023-05-07,-9999.0
2023-05-08,5.31640625
2023-05-09,5.55859375
2023-05-10,-9999.0
2023-05-11,7.6171875
2023-05-12,-9999.0
2023-05-13,3.91992188
2023-05-14,-9999.0
2023-05-15,-9999.0
2023-05-16,-9999.0
2023-05-17,-9999.0
2023-05-18,5.76953125
2023-05-19,-9999.0
2023-05-20,-9999.0
2023-05-21,-9999.0
2023-05-22,-9999.0
2023-05-23,-9999.0
2023-05-24,-9999.0
2023-05-25,-9999.0
2023-05-26,-9999.0
2023-05-27,-9999.0
2023-05-28,6.75390625
2023-05-29,-9999.0
2023-05-30,8.8671875
2023-05-31,-9999.0
2023-06-01,-9999.0
2023-06-02,-9999.0
2023-06-03,-9999.0
2023-06-04,-9999.0
2023-06-05,-9999.0
2023-06-06,6.7109375
2023-06-07,-9999.0
2023-06-08,-9999.0
2023-06-09,-9999.0
2023-06-10,-9999.0
2023-06-11,-9999.0
2023-06-12,-9999.0
2023-06-13,-9999.0
2023-06-14,-9999.0
2023-06-15,7.80078125
2023-06-16,-9999.0
2023-06-17,7.11328125
2023-06-18,9.1796875
2023-06-19,9.546875
2023-06-20,8.8125
2023-06-21,-9999.0
2023-06-22,10.296875
2023-06-23,-9999.0
2023-06-24,13.859375
2023-06-25,-9999.0
2023-06-26,13.296875
2023-06-27,11.8515625
2023-06-28,-9999.0
2023-06-29,10.8046875
2023-06-30,-9999.0
2023-07-01,-9999.0
2023-07-02,-9999.0
2023-07-03,-9999.0
2023-07-04,12.4609375
2023-07-05,13.515625
2023-07-06,12.515625
2023-07-07,-9999.0
2023-07-08,12.0234375
2023-07-09,-9999.0
2023-07-10,-9999.0
2023-07-11,13.171875
2023-07-12,-9999.0
2023-07-13,13.3046875
2023-07-14,11.9609375
2023-07-15,-9999.0
2023-07-16,13.0
2023-07-17,11.296875
2023-07-18,-9999.0
2023-07-19,-9999.0
2023-07-20,10.8671875
2023-07-21,10.6796875
2023-07-22,10.71875
2023-07-23,10.90625
2023-07-24,11.328125
2023-07-25,10.96875
2023-07-26,-9999.0
2023-07-27,-9999.0
2023-07-28,14.4296875
2023-07-29,-9999.0
2023-07-30,9.4765625
2023-07-31,8.1015625
2023-08-01,8.234375
2023-08-02,9.71875
2023-08-03,12.78125
2023-08-04,10.9921875
2023-08-05,10.359375
2023-08-06,10.1875
2023-08-07,13.8203125
2023-08-08,-9999.0
2023-08-09,9.9453125
2023-08-10,-9999.0
2023-08-11,8.9375
2023-08-12,-9999.0
2023-08-13,10.8984375
2023-08-14,12.2578125
2023-08-15,13.578125
2023-08-16,11.5
2023-08-17,-9999.0
2023-08-18,-9999.0
2023-08-19,9.421875
2023-08-20,13.5078125
2023-08-21,-9999.0
2023-08-22,9.2734375
2023-08-23,9.9296875
2023-08-24,11.7734375
2023-08-25,-9999.0
2023-08-26,10.40625
2023-08-27,8.75
2023-08-28,9.4609375
2023-08-29,13.3828125
2023-08-30,9.71875
2023-08-31,8.2265625
2023-09-01,9.5078125
2023-09-02,11.2578125
2023-09-03,13.828125
2023-09-04,-9999.0
2023-09-05,14.875
2023-09-06,14.6484375
2023-09-07,13.546875
2023-09-08,14.1015625
2023-09-09,11.078125
2023-09-10,12.2890625
2023-09-11,-9999.0
2023-09-12,10.28125
2023-09-13,8.453125
2023-09-14,7.31640625
2023-09-15,7.70703125
2023-09-16,7.828125
2023-09-17,8.984375
2023-09-18,8.6796875
2023-09-19,7.31640625
2023-09-20,7.29296875
2023-09-21,8.2421875
2023-09-22,8.84375
2023-09-23,-9999.0
2023-09-24,12.4453125
2023-09-25,9.09375
2023-09-26,7.71875
2023-09-27,7.3984375
2023-09-28,8.375
2023-09-29,10.28125
2023-09-30,10.78125
2023-10-01,12.0078125
2023-10-02,11.125
2023-10-03,13.015625
2023-10-04,12.234375
2023-10-05,9.5625
2023-10-06,10.71875
2023-10-07,-9999.0
2023-10-08,5.5390625
2023-10-09,5.4765625
2023-10-10,5.51171875
2023-10-11,6.66796875
2023-10-12,6.04296875
2023-10-13,6.9296875
2023-10-14,-9999.0
2023-10-15,6.33984375
2023-10-16,-9999.0
2023-10-17,-9999.0
2023-10-18,-9999.0
2023-10-19,-9999.0
2023-10-20,-9999.0
2023-10-21,-9999.0
2023-10-22,4.95703125
2023-10-23,5.9140625
2023-10-24,9.8125
2023-10-25,-9999.0
2023-10-26,-9999.0
2023-10-27,10.8359375
2023-10-28,-9999.0
2023-10-29,-9999.0
2023-10-30,-9999.0
2023-10-31,4.51171875
2023-11-01,4.16796875
2023-11-02,4.578125
2023-11-03,5.24609375
2023-11-04,-9999.0
2023-11-05,4.36328125
2023-11-06,-9999.0
2023-11-07,-9999.0
2023-11-08,-9999.0
2023-11-09,-9999.0
2023-11-10,-9999.0
2023-11-11,-9999.0
2023-11-12,3.25976562
2023-11-13,-9999.0
2023-11-14,-9999.0
2023-11-15,5.359375
2023-11-16,-9999.0
2023-11-17,-9999.0
2023-11-18,3.7109375
2023-11-19,4.48828125
2023-11-20,4.14453125
2023-11-21,-9999.0
2023-11-22,-9999.0
2023-11-23,-9999.0
2023-11-24,3.203125
2023-11-25,3.81054688
2023-11-26,4.453125
2023-11-27,3.73242188
2023-11-28,-9999.0
2023-11-29,3.4140625
2023-11-30,5.16015625
2023-12-01,-9999.0
2023-12-02,-9999.0
2023-12-03,-9999.0
2023-12-04,-9999.0
2023-12-05,-9999.0
2023-12-06,1.68164062
2023-12-07,-9999.0
2023-12-08,5.2734375
2023-12-09,6.40234375
2023-12-10,-9999.0
2023-12-11,2.82226562
2023-12-12,-9999.0
2023-12-13,-9999.0
2023-12-14,3.14453125
2023-12-15,5.16015625
2023-12-16,-9999.0
2023-12-17,-9999.0
2023-12-18,-9999.0
2023-12-19,-9999.0
2023-12-20,-9999.0
2023-12-21,3.15625
2023-12-22,3.55078125
2023-12-23,-9999.0
2023-12-24,-9999.0
2023-12-25,5.2421875
2023-12-26,6.94921875
2023-12-27,-9999.0
2023-12-28,-9999.0
2023-12-29,-9999.0
2023-12-30,-9999.0
2023-12-31,-9999.0
2024-01-01,2.8515625
2024-01-02,-9999.0
2024-01-03,-9999.0
2024-01-04,2.56835938
2024-01-05,-9999.0
2024-01-06,-9999.0
2024-01-07,2.90429688
2024-01-08,-9999.0
2024-01-09,-9999.0
2024-01-10,-9999.0
2024-01-11,2.42578125
2024-01-12,-9999.0
2024-01-13,-9999.0
2024-01-14,-9999.0
2024-01-15,1.55859375
2024-01-16,-9999.0
2024-01-17,1.44238281
2024-01-18,1.41601562
2024-01-19,1.98242188
2024-01-20,2.61523438
2024-01-21,2.31054688
2024-01-22,3.95117188
2024-01-23,4.26171875
2024-01-24,-9999.0
2024-01-25,5.4921875
2024-01-26,-9999.0
2024-01-27,5.296875
2024-01-28,-9999.0
2024-01-29,-9999.0
2024-01-30,4.16796875
2024-01-31,-9999.0
2024-02-01,-9999.0
2024-02-02,-9999.0
2024-02-03,3.95117188
2024-02-04,4.0390625
2024-02-05,3.26367188
2024-02-06,3.11328125
2024-02-07,4.0625
2024-02-08,4.8125
2024-02-09,5.83984375
2024-02-10,-9999.0
2024-02-11,2.6953125
2024-02-12,-9999.0
2024-02-13,2.28125
2024-02-14,1.74707031
2024-02-15,2.6015625
2024-02-16,2.1796875
2024-02-17,1.48046875
2024-02-18,-9999.0
2024-02-19,1.49707031
2024-02-20,3.02929688
2024-02-21,2.57421875
2024-02-22,-9999.0
2024-02-23,4.3828125
2024-02-24,1.23632812
2024-02-25,2.57617188
2024-02-26,4.57421875
2024-02-27,6.2734375
2024-02-28,6.02734375
2024-02-29,1.68359375
2024-03-01,3.265625
2024-03-02,-9999.0
2024-03-03,6.28515625
2024-03-04,-9999.0
2024-03-05,6.20703125
2024-03-06,-9999.0
2024-03-07,-9999.0
2024-03-08,4.23828125
2024-03-09,-9999.0
2024-03-10,3.22265625
2024-03-11,2.6328125
2024-03-12,4.08203125
2024-03-13,6.0390625
2024-03-14,-9999.0
2024-03-15,5.16015625
2024-03-16,3.3671875
2024-03-17,3.31445312
2024-03-18,2.26757812
2024-03-19,4.421875
2024-03-20,1.70019531
2024-03-21,1.69628906
2024-03-22,3.53320312
2024-03-23,3.89453125
2024-03-24,3.30078125
2024-03-25,5.734375
2024-03-26,-9999.0
2024-03-27,-9999.0
2024-03-28,3.87890625
2024-03-29,3.21289062
2024-03-30,3.56640625
2024-03-31,3.1875
2024-04-01,3.97851562
2024-04-02,-9999.0
2024-04-03,7.46875
2024-04-04,-9999.0
2024-04-05,-9999.0
2024-04-06,3.60546875
2024-04-07,-9999.0
2024-04-08,4.9921875
2024-04-09,4.90625
2024-04-10,-9999.0
2024-04-11,-9999.0
2024-04-12,-9999.0
2024-04-13,-9999.0
2024-04-14,-9999.0
2024-04-15,4.70703125
2024-04-16,3.65820312
2024-04-17,-9999.0
2024-04-18,-9999.0
2024-04-19,-9999.0
2024-04-20,4.0625
2024-04-21,-9999.0
2024-04-22,3.42382812
2024-04-23,3.90234375
2024-04-24,3.98242188
2024-04-25,3.49414062
2024-04-26,-9999.0
2024-04-27,-9999.0
2024-04-28,-9999.0
2024-04-29,-9999.0
2024-04-30,-9999.0
2024-05-01,-9999.0
2024-05-02,6.90234375
2024-05-03,7.64453125
2024-05-04,-9999.0
2024-05-05,-9999.0
2024-05-06,-9999.0
2024-05-07,4.6875
2024-05-08,-9999.0
2024-05-09,6.984375
2024-05-10,6.10546875
2024-05-11,-9999.0
2024-05-12,-9999.0
2024-05-13,-9999.0
2024-05-14,7.97265625
2024-05-15,-9999.0
2024-05-16,11.4140625
2024-05-17,-9999.0
2024-05-18,-9999.0
2024-05-19,8.859375
2024-05-20,-9999.0
2024-05-21,-9999.0
2024-05-22,-9999.0
2024-05-23,-9999.0
2024-05-24,9.2109375
2024-05-25,-9999.0
2024-05-26,-9999.0
2024-05-27,-9999.0
2024-05-28,-9999.0
2024-05-29,-9999.0
2024-05-30,-9999.0
2024-05-31,-9999.0
2024-06-01,-9999.0
2024-06-02,-9999.0
2024-06-03,10.5390625
2024-06-04,-9999.0
2024-06-05,12.4296875
2024-06-06,-9999.0
2024-06-07,-9999.0
2024-06-08,-9999.0
2024-06-09,-9999.0
2024-06-10,-9999.0
2024-06-11,-9999.0
2024-06-12,9.875
2024-06-13,10.6484375
2024-06-14,-9999.0
2024-06-15,8.6328125
2024-06-16,-9999.0
2024-06-17,16.421875
2024-06-18,-9999.0
2024-06-19,-9999.0
2024-06-20,-9999.0
2024-06-21,-9999.0
2024-06-22,15.03125
2024-06-23,-9999.0
2024-06-24,10.4921875
2024-06-25,-9999.0
2024-06-26,-9999.0
2024-06-27,6.64453125
2024-06-28,7.91796875
2024-06-29,-9999.0
2024-06-30,-9999.0
2024-07-01,8.5546875
2024-07-02,-9999.0
2024-07-03,12.3984375
2024-07-04,13.9140625
2024-07-05,-9999.0
2024-07-06,14.9375
2024-07-07,14.7578125
2024-07-08,12.109375
2024-07-09,-9999.0
2024-07-10,-9999.0
2024-07-11,13.796875
2024-07-12,-9999.0
2024-07-13,12.7265625
2024-07-14,14.3359375
2024-07-15,14.7890625
2024-07-16,-9999.0
2024-07-17,-9999.0
2024-07-18,11.109375
2024-07-19,9.796875
2024-07-20,7.6015625
2024-07-21,12.640625
2024-07-22,-9999.0
2024-07-23,13.0078125
2024-07-24,12.765625
2024-07-25,-9999.0
2024-07-27,-9999.0
2024-07-28,11.7109375
2024-07-29,10.890625
2024-07-30,16.25
2024-07-31,-9999.0
2024-08-01,-9999.0
2024-08-02,-9999.0
2024-08-03,-9999.0
2024-08-04,13.265625
2024-08-05,14.1875
2024-08-06,-9999.0
2024-08-07,-9999.0
2024-08-08,-9999.0
2024-08-09,-9999.0
2024-08-10,9.7109375
2024-08-11,10.65625
2024-08-12,9.8515625
2024-08-13,9.40625
2024-08-14,11.0390625
2024-08-15,11.3671875
2024-08-16,12.1875
2024-08-17,-9999.0
2024-08-18,-9999.0
2024-08-19,-9999.0
2024-08-20,-9999.0
2024-08-21,8.015625
2024-08-22,8.8125
2024-08-23,11.328125
2024-08-24,10.859375
2024-08-25,-9999.0
2024-08-26,12.4453125
2024-08-27,15.015625
2024-08-28,15.265625
2024-08-29,12.0625
2024-08-30,-9999.0
2024-08-31,14.0625
2024-09-01,11.28125
2024-09-02,7.5546875
2024-09-03,8.8359375
2024-09-04,9.9921875
2024-09-05,9.6171875
2024-09-06,11.71875
2024-09-07,-9999.0
2024-09-08,6.50390625
2024-09-09,-9999.0
2024-09-10,8.7734375
2024-09-11,10.5625
2024-09-12,11.4140625
2024-09-13,12.1875
2024-09-14,12.0234375
2024-09-15,12.375
2024-09-16,-9999.0
2024-09-17,11.0546875
2024-09-18,-9999.0
2024-09-19,10.84375
2024-09-20,12.3828125
2024-09-21,11.3125
2024-09-22,12.0703125
2024-09-23,-9999.0
2024-09-24,12.1015625
2024-09-25,-9999.0
2024-09-26,10.7109375
2024-09-27,11.421875
2024-09-28,12.25
2024-09-29,12.046875
2024-09-30,10.90625
2024-10-01,9.09375
2024-10-02,8.5546875
2024-10-03,-9999.0
2024-10-04,9.7890625
2024-10-05,7.06640625
2024-10-06,10.7734375
2024-10-07,7.91015625
2024-10-08,-9999.0
2024-10-09,-9999.0
2024-10-10,6.75
2024-10-11,8.6796875
2024-10-12,5.53125
2024-10-13,-9999.0
2024-10-14,5.578125
2024-10-15,4.4296875
2024-10-16,-9999.0
2024-10-17,6.57421875
2024-10-18,8.125
2024-10-19,7.609375
2024-10-20,7.171875
2024-10-21,10.5703125
2024-10-22,10.46875
2024-10-23,-9999.0
2024-10-24,6.18359375
2024-10-25,-9999.0
2024-10-26,4.07421875
2024-10-27,-9999.0
2024-10-28,5.25390625
2024-10-29,-9999.0
2024-10-30,-9999.0
2024-10-31,10.4921875
2024-11-01,-9999.0
2024-11-02,-9999.0
2024-11-03,5.27734375
2024-11-04,-9999.0
2024-11-05,11.578125
2024-11-06,-9999.0
2024-11-07,5.75
2024-11-08,-9999.0
2024-11-09,-9999.0
2024-11-09,-9999.0
2024-11-10,-9999.0
2024-11-11,-9999.0
2024-11-12,-9999.0
2024-11-13,4.8515625
2024-11-14,-9999.0
2024-11-15,6.0078125
2024-11-16,5.8125
2024-11-17,6.78125
2024-11-18,5.9140625
2024-11-19,6.390625
2024-11-20,-9999.0
2024-11-21,-9999.0
2024-11-22,-9999.0
2024-11-23,5.03515625
2024-11-24,-9999.0
2024-11-25,5.5546875
2024-11-26,4.7578125
2024-11-27,3.63867188
2024-11-28,-9999.0
2024-11-29,3.81054688
2024-11-30,2.60546875
2024-12-01,1.66308594
2024-12-02,2.75390625
2024-12-03,1.90820312
2024-12-04,-9999.0
2024-12-05,3.109375
2024-12-06,1.90527344
2024-12-07,-9999.0
2024-12-08,5.51953125
2024-12-09,-9999.0
2024-12-10,6.01171875
2024-12-11,-9999.0
2024-12-12,1.48925781
2024-12-13,1.80664062
2024-12-14,2.63867188
2024-12-15,-9999.0
2024-12-16,-9999.0
2024-12-17,-9999.0
2024-12-18,-9999.0
2024-12-19,2.625
2024-12-20,-9999.0
2024-12-21,-9999.0
2024-12-22,2.20507812
2024-12-23,-9999.0
2024-12-24,-9999.0
2024-12-25,2.43164062
2024-12-26,-9999.0
2024-12-27,5.93359375
2024-12-28,5.69921875
2024-12-29,-9999.0
2024-12-30,3.16796875
2024-12-31,-9999.0
2025-01-01,4.07421875
