H2O_vapor_mass_ratio_surf,mean_precipitation_rate,surf_air_temp,cloud_temp,surf_temp
3.5078125,0.0,0.162499994,-16.5249996,-5.4000001
3.65234375,0.0,2.7874999,-2.6500001,6.2874999
3.65234375,0.0749999955,2.7874999,-26.8687496,6.2874999
3.65234375,0.609999955,2.7874999,-16.2749996,1.22500002
2.3515625,0.140000001,-1.39999998,-12.8999996,4.0374999
2.3515625,0.444999993,-1.39999998,-19.8999996,4.0374999
2.3515625,0.155000001,-1.39999998,-45.0562515,4.0374999
2.3515625,1.625,-1.39999998,-37.1500015,4.0374999
2.49023438,0.0949999988,-3.4000001,-32.3687515,-5.0875001
2.49023438,7.6600008,-3.4000001,-37.7750015,-5.0875001
2.49023438,19.75,-3.4000001,-37.4000015,3.8499999
2.49023438,26.6499977,-3.4000001,-10.8999996,3.8499999
2.49023438,0.105000004,-3.4000001,-9.71249962,3.8499999
4.3828125,0.379999995,4.9749999,-7.9625001,6.9124999
4.3828125,0.0,4.9749999,-7.9625001,6.9124999
1.92480469,0.24499999,-3.9000001,-24.0562496,-8.27499962
1.1484375,0.0,-3.9000001,-15.1499996,-6.3375001
1.1484375,9.35999966,-3.9000001,-51.5250015,-6.3375001
2.0546875,0.0,-3.4000001,-20.0562496,-3.5250001
1.70703125,0.0599999987,-3.5875001,-12.5249996,-2.9000001
1.96386719,0.0,-1.89999998,-29.0249996,-8.77499962
2.53710938,0.0,3.9124999,-31.7124996,0.412499994
3.32421875,0.125,4.4124999,-37.4312515,0.600000024
4.734375,0.555000007,9.78750038,-25.1499996,6.8499999
4.734375,25.5400028,9.78750038,-44.9625015,6.8499999
3.73828125,0.0,0.474999994,-19.1812496,-2.2125001
3.73828125,0.0299999993,0.474999994,-13.3999996,-2.2125001
2.46875,0.229999989,-3.7125001,-17.4624996,-14.0874996
2.46875,0.0,-3.7125001,-17.4624996,-14.0874996
2.19726562,0.0,-1.46249998,-33.2750015,0.474999994
2.19726562,0.0,-1.46249998,-33.2750015,0.474999994
1.765625,0.0599999987,-4.9000001,-15.7124996,-11.9624996
3.23632812,0.0599999987,-2.0875001,-23.8999996,-8.33749962
4.28125,0.0,1.47500002,-10.9624996,2.3499999
4.99609375,0.329999954,5.0374999,-23.4312496,-9.83749962
4.99609375,0.840000033,5.0374999,-23.4312496,-9.83749962
4.99609375,14.4350014,5.0374999,-48.4937515,-9.83749962
4.99609375,26.6499996,5.0374999,-34.6500015,-9.83749962
1.39648438,0.0899999961,-6.2125001,-22.3062496,-9.96249962
3.04882812,0.0,2.4749999,-21.2749996,0.100000001
3.53320312,3.20000029,3.5999999,-20.2437496,-5.5250001
3.53320312,0.0449999981,3.7249999,-16.1499996,-9.89999962
2.54882812,0.164999992,-1.58749998,-32.2437515,-0.0250000004
2.54882812,8.34000015,-1.58749998,-15.8999996,-0.0250000004
2.54882812,0.0,-1.58749998,-16.8999996,-0.0250000004
2.359375,0.0,-3.2125001,-34.8375015,0.474999994
2.359375,0.24499999,-3.2125001,-34.8375015,0.474999994
2.046875,0.0,-1.83749998,-12.1499996,0.412499994
5.2734375,13.8499985,7.0374999,-36.8062515,-1.58749998
2.29882812,0.0449999981,-0.524999976,-17.2124996,2.3499999
2.29882812,0.0,-0.524999976,-19.1812496,1.78750002
2.25195312,0.0,-1.27499998,-5.4625001,-0.400000006
3.47851562,0.0,1.91250002,-8.39999962,1.72500002
3.44921875,0.0,8.66250038,-36.9625015,3.7874999
4.31640625,0.784999967,4.9124999,-23.7749996,3.0374999
4.48046875,1.82999992,3.0374999,-11.3999996,-5.3375001
4.734375,0.734999955,8.91250038,-32.2437515,-1.71249998
4.734375,11.0799999,8.91250038,-23.6499996,-1.71249998
1.91894531,0.0899999961,-4.9000001,-22.5249996,-5.4625001
1.46191406,0.135000005,-7.5250001,-18.8687496,-7.7125001
2.98242188,0.0,0.224999994,-13.5249996,0.912500024
4.23828125,7.71500015,5.7249999,-35.6812515,-1.08749998
4.23828125,3.91499996,5.7249999,-35.6812515,-1.08749998
2.75585938,1.73000002,2.9749999,-16.2124996,4.9124999
3.71289062,0.0,4.4749999,-7.9000001,5.7874999
4.484375,0.00499999989,5.0374999,-34.9625015,-4.5875001
2.65429688,0.0,1.60000002,-19.5249996,3.0374999
4.29296875,0.0,8.72500038,-20.3374996,8.10000038
5.6875,0.0,13.4125004,-14.1499996,13.2250004
5.6875,11.0899992,13.4125004,-33.4000015,8.22500038
5.6875,0.234999999,13.4125004,-40.7750015,8.22500038
5.6875,0.0,13.4125004,-10.4624996,12.4750004
5.6875,3.55500031,13.4125004,-12.2124996,12.4750004
3.61328125,0.0,3.2874999,-42.4000015,7.7874999
2.8203125,0.00999999978,0.162499994,-23.5562496,5.5999999
3.05859375,0.0,3.9124999,-46.6500015,7.2249999
3.05859375,0.099999994,3.9124999,-5.7750001,7.2249999
4.73828125,0.0,3.6624999,-35.8062515,0.725000024
4.73828125,10.1699991,3.6624999,-35.8062515,0.725000024
9.328125,14.3099995,15.7250004,-39.2437515,0.725000024
2.18554688,0.344999969,-1.33749998,-31.2124996,7.8499999
2.45703125,0.0,1.35000002,-2.4625001,5.9124999
2.45703125,5.82000017,1.35000002,-45.7125015,5.9124999
3.54296875,0.0,4.6624999,-8.02499962,3.3499999
4.37109375,0.99000001,8.28750038,-19.0249996,5.5999999
4.37109375,0.0,8.28750038,-19.0249996,5.5999999
3.29296875,1.39499998,5.9749999,-2.6500001,12.1000004
3.29296875,8.02999973,5.9749999,-25.9624996,1.66250002
3.29296875,22.4799995,5.9749999,-14.5249996,8.47500038
3.29296875,2.70499992,5.9749999,-16.2124996,8.47500038
3.29296875,1.07499993,5.9749999,-5.5250001,1.53750002
3.984375,0.0,5.6624999,-5.5875001,8.41250038
3.984375,0.0,5.6624999,-5.5875001,8.41250038
7.44921875,2.3499999,10.4750004,-11.2749996,1.85000002
7.44921875,0.0,10.4750004,-11.2749996,1.85000002
7.44921875,0.0,10.4750004,-4.1500001,12.7875004
2.9375,0.0,9.60000038,-4.4625001,12.7250004
4.05078125,0.50999999,11.7250004,-38.7750015,14.2875004
4.05078125,5.2750001,11.7250004,-5.7125001,14.2875004
3.90234375,4.12999964,3.0374999,-13.4624996,4.4749999
2.65625,0.284999996,1.10000002,-21.3687496,1.97500002
2.8046875,0.0,2.8499999,-19.9312496,9.22500038
2.8046875,0.0,2.8499999,-14.8999996,9.22500038
2.8046875,22.7600021,2.8499999,-45.6812515,9.22500038
2.8046875,0.574999928,2.8499999,-29.1187496,8.97500038
2.4609375,0.939999998,0.725000024,-20.8374996,5.1624999
2.30664062,0.280000001,2.2249999,-21.5249996,7.2874999
2.30664062,0.0,2.2249999,-38.6812515,3.5999999
3.69335938,0.0,5.4124999,-17.0249996,8.91250038
3.69335938,8.03999996,5.4124999,-20.4937496,8.91250038
3.69335938,0.0,5.4124999,-20.4937496,8.91250038
3.1640625,2.78999996,4.2874999,-16.5874996,7.8499999
2.06640625,0.0,1.22500002,-26.5249996,10.0375004
3.94140625,1.02499998,7.5999999,-13.9624996,7.5999999
3.94140625,3.56999969,7.5999999,-12.9624996,7.5999999
4.328125,0.0,8.03750038,-39.1812515,17.2250004
4.328125,16.9449997,8.03750038,-33.3687515,17.2250004
4.328125,6.61499977,8.03750038,-30.5874996,17.2250004
4.66796875,0.0,7.7249999,-14.4624996,19.5375004
4.66796875,2.72999978,7.7249999,-37.3687515,19.5375004
4.66796875,28.6850014,7.7249999,-40.3375015,19.5375004
4.66796875,10.0750008,7.7249999,-8.08749962,17.2250004
4.66796875,2.98999977,7.7249999,-22.9312496,18.1625004
6.203125,0.805000067,18.2875004,1.85000002,22.4750004
6.203125,0.194999993,18.2875004,-15.5249996,22.4750004
2.609375,0.0,8.72500038,-25.6499996,12.9125004
2.609375,0.0,8.72500038,-25.6499996,12.9125004
2.609375,2.01499987,8.72500038,-18.5562496,8.28750038
2.9140625,0.224999994,1.03750002,-31.5562496,8.28750038
3.05078125,0.699999988,2.2249999,-33.8375015,8.28750038
3.05078125,1.87,2.2249999,-20.8999996,8.28750038
4.70703125,0.109999999,5.9749999,-22.9937496,-0.712499976
4.70703125,0.0,5.9749999,-25.6187496,15.2875004
4.70703125,0.0,5.9749999,-3.0875001,13.7250004
4.70703125,1.92999995,5.9749999,-19.5249996,15.0375004
4.70703125,27.3999977,5.9749999,-22.8999996,5.9749999
4.70703125,0.274999976,5.9749999,1.35000002,26.7250004
4.70703125,0.764999986,5.9749999,-25.2124996,25.6625004
4.70703125,10.04,5.9749999,-11.5874996,25.6625004
4.70703125,0.565000057,5.9749999,-38.0250015,16.5375004
4.70703125,0.0,5.9749999,1.47500002,26.9750004
3.88671875,0.0,20.5375004,-16.8374996,22.3500004
3.88671875,0.0,20.5375004,-16.8374996,22.3500004
8.890625,10.7300005,15.4125004,-5.9000001,25.0375004
8.890625,0.0,15.4125004,-8.46249962,21.6625004
8.890625,15.1450005,15.4125004,-6.4000001,23.2875004
8.890625,0.0,15.4125004,18.3500004,37.3499985
8.890625,0.0749999955,15.4125004,-40.5250015,26.7875004
8.890625,0.599999964,15.4125004,-21.1187496,14.3500004
8.890625,12.8899984,15.4125004,-28.8062496,24.9750004
8.890625,1.17499995,15.4125004,-11.6499996,24.2250004
8.890625,0.0,15.4125004,-20.4937496,9.16250038
8.890625,0.0,15.4125004,-13.5249996,15.6625004
8.890625,1.00999999,15.4125004,3.0999999,15.6625004
8.890625,5.49999952,15.4125004,-14.8999996,26.1000004
9.40625,0.0,24.2250004,-11.0249996,26.5375004
9.40625,1.74499989,24.2250004,-9.89999962,28.6625004
9.40625,0.0,24.2250004,-3.9000001,23.6625004
9.40625,0.0,24.2250004,-3.9000001,23.6625004
8.1328125,0.125,15.4125004,-40.5562515,18.6000004
13.03125,0.0,22.9125004,5.2874999,28.3500004
15.4296875,0.0599999987,26.7875004,7.2249999,26.9750004
15.4296875,0.444999993,26.7875004,-8.58749962,24.7250004
15.4296875,0.0,26.7875004,-12.5249996,16.6625004
15.4296875,0.0,26.7875004,-6.2125001,19.4750004
15.4296875,0.0,26.7875004,-5.6500001,14.9750004
6.796875,0.0,20.9750004,-2.0875001,25.0375004
6.796875,0.0,20.9750004,17.6000004,24.4125004
6.796875,0.0,20.9750004,8.10000038,23.9125004
9.8359375,2.16999984,26.4125004,7.2249999,29.6625004
11.484375,0.140000001,23.6625004,14.4750004,26.2250004
12.828125,1.79000008,26.4750004,19.1000004,31.4750004
12.828125,0.0,26.4750004,21.4750004,28.2875004
12.390625,2.7249999,27.6625004,-19.0562496,36.9749985
12.390625,0.774999976,27.6625004,-19.0562496,36.9749985
9.4765625,4.57000017,16.2250004,-1.02499998,25.7875004
9.4765625,1.91999996,16.2250004,4.4749999,24.7250004
8.46875,0.149999991,22.8500004,7.7874999,26.1000004
13.4921875,20.8249969,20.1000004,10.8500004,24.2875004
13.0546875,7.47000027,21.7250004,1.72500002,23.6625004
13.0546875,0.0,21.7250004,-12.5874996,27.7875004
13.0546875,1.51499999,21.7250004,-7.7125001,14.6000004
13.0546875,0.0,21.7250004,-7.7125001,14.6000004
13.0546875,0.0749999955,21.7250004,0.787500024,26.7250004
13.0546875,0.0,21.7250004,-0.524999976,27.9125004
8.0625,0.0,24.2875004,22.4750004,29.2250004
12.96875,0.0,26.2875004,-19.4624996,29.7250004
13.484375,0.139999986,25.9750004,13.7875004,30.9125004
15.96875,0.0,26.6625004,9.10000038,28.6625004
15.390625,0.0,27.4750004,1.91250002,30.7250004
15.390625,0.0,27.4750004,1.91250002,30.7250004
16.03125,0.675000012,27.9750004,-41.1500015,27.2250004
15.5859375,29.9799995,24.2250004,-23.9624996,26.2875004
11.875,32.9649963,21.7875004,-19.8687496,25.6625004
11.875,0.479999989,21.7875004,-8.52499962,22.3500004
12.0859375,0.0,22.2875004,6.2249999,25.2250004
12.0859375,0.0,22.2875004,-30.0249996,28.6625004
12.0859375,20.2149982,22.2875004,-36.9000015,28.6625004
12.9609375,11.7649994,23.1000004,17.2875004,26.5375004
12.9609375,0.0,23.1000004,-61.4312515,24.8500004
16.390625,2.00499988,29.0375004,-50.2750015,31.7250004
13.671875,0.0850000009,23.4750004,-9.96249962,26.7250004
11.421875,0.199999988,22.9125004,-16.7124996,27.6625004
11.421875,6.60000038,22.9125004,-20.9624996,22.1625004
11.421875,0.0199999996,22.9125004,12.8500004,25.6625004
12.40625,0.0,24.6625004,16.4125004,27.4750004
12.40625,0.0,24.6625004,16.4125004,27.4750004
16.609375,0.0,23.6625004,-18.2124996,28.4750004
17.65625,0.264999986,27.9125004,-9.02499962,29.1625004
9.421875,12.9300003,22.8500004,-16.0874996,28.3500004
13.8046875,6.56499958,24.4125004,-9.89999962,26.5375004
11.0,0.00499999989,22.7875004,-19.2124996,26.7250004
11.1484375,0.0,23.7875004,-8.39999962,28.2250004
10.7578125,0.0,24.5375004,-37.9312515,26.7875004
15.90625,5.35999966,24.6000004,7.2874999,27.3500004
12.5546875,0.0,21.8500004,-12.5249996,25.4750004
12.5546875,60.3399963,21.8500004,-43.3687515,25.4750004
9.8046875,0.0,19.2250004,-2.6500001,24.4125004
9.4140625,0.0,19.6000004,-18.9312496,25.1625004
12.7890625,0.0,21.8500004,0.912500024,26.5375004
12.546875,0.0,23.4750004,4.4749999,26.8500004
12.8515625,0.0,26.5375004,5.2874999,26.0375004
12.8515625,0.0,26.5375004,5.2874999,26.0375004
16.234375,3.55999994,25.2875004,-11.8374996,26.5375004
11.6640625,0.0,23.6625004,-44.4312515,28.1000004
13.2265625,0.0,24.9125004,-1.46249998,28.9750004
12.28125,0.0,24.6000004,11.3500004,28.4125004
12.28125,0.159999996,24.6000004,-6.2750001,28.7875004
12.28125,0.329999983,24.6000004,-6.2750001,28.7875004
12.28125,0.570000052,24.6000004,-6.2750001,28.7875004
12.28125,1.88499975,24.6000004,-6.2750001,28.7875004
12.28125,0.0,24.6000004,-6.2750001,28.7875004
12.28125,0.0,24.6000004,-6.2750001,28.7875004
12.28125,0.0,24.6000004,-6.2750001,28.7875004
12.28125,0.0,24.6000004,-6.2750001,28.7875004
12.28125,0.0,24.6000004,-6.2750001,28.7875004
12.28125,0.0,24.6000004,-6.2750001,28.7875004
12.28125,22.8500023,24.6000004,-6.2750001,28.7875004
12.28125,0.0,24.6000004,-6.2750001,28.7875004
12.28125,27.0349998,24.6000004,-6.2750001,28.7875004
12.28125,0.0,24.6000004,-6.2750001,28.7875004
12.28125,6.43000031,24.6000004,-6.2750001,28.7875004
12.28125,0.0,24.6000004,-6.2750001,28.7875004
12.28125,0.0,24.6000004,-6.2750001,28.7875004
12.28125,0.0,24.6000004,-6.2750001,28.7875004
12.28125,5.68999958,24.6000004,-6.2750001,28.7875004
11.59375,0.199999988,20.2250004,-39.8375015,23.9750004
7.546875,0.0,17.7875004,-32.9000015,22.9125004
8.859375,0.61500001,17.1000004,-14.9624996,22.2875004
8.25,0.105000004,18.4750004,-28.1499996,22.8500004
13.9609375,1.99000001,20.0375004,-51.6812515,24.6000004
14.015625,0.0,23.6625004,-34.5250015,24.8500004
14.8828125,0.0,26.2250004,21.3500004,27.4125004
11.4921875,0.0,17.7250004,-1.46249998,18.5375004
11.4921875,2.86999989,17.7250004,-1.46249998,18.5375004
10.828125,0.0,21.0375004,-25.2124996,23.3500004
13.1484375,8.17000008,22.0375004,-35.9937515,19.8500004
6.2109375,0.0,15.0375004,-15.9624996,18.9125004
7.37890625,0.0,16.6000004,-33.7750015,19.8500004
8.921875,0.0,20.9750004,5.0999999,22.2250004
8.625,0.0,17.1000004,5.2874999,20.6625004
8.625,0.0,17.1000004,-55.7437515,17.6000004
5.19921875,0.0,12.6625004,-22.4624996,17.7250004
5.25390625,0.0,13.7875004,-54.9625015,19.3500004
5.78125,0.0,16.3500004,9.53750038,20.7875004
8.1796875,0.0,18.1000004,15.5375004,20.2250004
9.484375,0.0,17.9125004,-8.02499962,21.9750004
9.4765625,0.724999964,19.2875004,-32.4625015,23.7875004
10.8359375,0.0,22.6000004,17.9125004,23.2875004
12.0390625,0.0,20.7875004,-23.7124996,26.1000004
12.0390625,0.0,20.7875004,-23.7124996,26.1000004
12.6796875,0.284999996,21.6625004,2.7249999,25.3500004
12.6796875,11.9750004,21.6625004,-31.4937496,25.3500004
12.6796875,22.4049988,21.6625004,-15.9624996,14.9750004
6.9296875,1.13499999,12.2250004,-12.5249996,17.7250004
6.9609375,0.0,11.6000004,-6.9625001,14.0375004
5.328125,0.0,10.2875004,-12.3374996,16.7875004
5.328125,0.360000014,10.2875004,-15.5874996,23.9125004
7.24609375,0.0,12.2875004,-3.6500001,15.1625004
7.76953125,0.0,14.9125004,-2.5875001,19.1000004
7.3828125,13.8999977,15.1000004,-20.1812496,16.6625004
4.96484375,0.0,12.2875004,-5.9000001,16.2875004
7.44140625,0.170000002,15.2875004,4.5374999,17.9125004
10.28125,0.560000002,20.6625004,-5.9000001,21.2250004
6.703125,0.0350000001,14.1000004,-44.0562515,15.9125004
10.0234375,0.0899999961,15.5375004,7.3499999,16.4125004
10.0234375,2.56999969,15.5375004,7.3499999,16.4125004
6.06640625,0.0749999955,13.2875004,-23.2749996,17.2875004
8.328125,1.80999994,17.2250004,-7.0250001,22.8500004
8.328125,12.9249992,17.2250004,-39.2125015,22.8500004
4.171875,0.0,10.2875004,-17.7749996,15.9125004
4.171875,0.339999974,10.2875004,-43.8062515,15.1000004
4.171875,21.375,10.2875004,-52.1187515,15.1000004
4.171875,9.51499939,10.2875004,-26.6499996,9.03750038
4.171875,7.50499916,14.9750004,-40.9625015,7.9124999
4.171875,3.26499987,14.9750004,-4.2125001,8.91250038
11.6953125,0.0,19.9750004,6.2249999,22.4125004
11.6953125,0.0249999985,19.9750004,-1.46249998,12.4125004
5.16796875,0.0,9.72500038,-24.5249996,11.9125004
5.16796875,0.639999986,9.72500038,-6.4000001,11.9125004
5.16796875,2.28499985,9.72500038,-19.3687496,11.9125004
6.078125,0.0,8.97500038,-1.52499998,8.60000038
6.078125,15.7749996,8.97500038,-1.52499998,8.60000038
3.50390625,0.860000014,4.9124999,-7.9625001,9.22500038
4.01953125,0.0,8.16250038,-2.7125001,11.8500004
4.01953125,0.939999998,8.16250038,-20.3999996,11.8500004
3.046875,0.0149999997,0.474999994,-24.8999996,0.224999994
3.046875,2.75500011,4.5374999,-30.8062496,-5.5250001
7.19140625,0.644999981,15.9125004,-3.9625001,16.1000004
7.19140625,0.0,15.9125004,-33.7125015,18.2250004
7.19140625,0.610000014,15.9125004,-13.2749996,19.1625004
7.19140625,0.0,15.9125004,-36.8687515,19.9750004
6.49609375,0.0,17.2875004,12.5375004,16.7875004
6.49609375,0.0,17.2875004,-21.3374996,21.9125004
7.97265625,0.0,17.1000004,-23.3999996,18.3500004
7.97265625,11.9499989,17.1000004,-23.2749996,6.9749999
7.97265625,0.0,17.1000004,-32.0875015,10.6625004
5.3203125,0.0,9.85000038,-14.0874996,11.2875004
5.3203125,0.0,9.85000038,-14.0874996,11.2875004
5.3203125,7.84000015,9.85000038,-27.2749996,11.2875004
5.3203125,0.0,9.85000038,-11.7749996,11.2875004
2.20507812,0.00499999989,-0.712499976,-26.0874996,-4.2750001
2.19335938,0.0,0.349999994,-12.5874996,6.8499999
6.890625,1.68499994,11.9750004,-43.6812515,9.66250038
6.890625,4.37499952,11.9750004,-21.7437496,12.5375004
6.890625,0.0,11.9750004,-15.8999996,12.5375004
6.890625,3.36000013,2.3499999,-28.3999996,-10.3374996
6.890625,17.1599998,2.3499999,-17.9937496,-10.3374996
2.99609375,0.0799999982,3.5374999,-9.14999962,5.4749999
5.7421875,9.99999905,6.3499999,-42.6500015,1.72500002
5.7421875,17.9699974,5.7249999,-5.9000001,3.2249999
5.7421875,0.0,5.7249999,-24.1812496,3.2249999
5.7421875,0.0,5.7249999,-8.02499962,7.8499999
4.5234375,0.0,6.8499999,-16.9624996,9.91250038
4.5234375,14.6149979,6.8499999,-16.9624996,9.91250038
4.5234375,0.0,6.8499999,-19.1187496,9.91250038
4.5234375,0.0599999949,6.8499999,-20.9937496,-10.2124996
3.76953125,0.0,3.5374999,-16.6499996,4.4124999
3.76953125,4.44999981,3.5374999,-32.0250015,4.4124999
3.76953125,0.205000013,3.5374999,-9.89999962,4.4124999
3.76953125,0.689999998,3.5374999,-10.2124996,-7.2125001
3.76953125,0.0,3.5374999,-8.21249962,-7.2125001
3.76953125,0.0249999985,3.5374999,-8.21249962,0.537500024
3.8125,0.729999959,0.224999994,-16.3374996,-7.6500001
3.8125,0.0,0.662500024,-5.0250001,0.349999994
5.80859375,0.0,9.41250038,-39.1187515,9.03750038
5.80859375,2.40999985,9.41250038,-23.8374996,9.03750038
5.80859375,0.0,9.41250038,-9.71249962,9.03750038
5.80859375,0.0,9.41250038,-23.3062496,9.03750038
2.51757812,0.0,-1.27499998,-23.8999996,1.60000002
2.51757812,0.0350000001,-1.27499998,-23.8999996,1.60000002
2.24414062,0.949999988,-3.6500001,-15.3374996,-0.275000006
2.22070312,0.0,0.537500024,-2.2750001,-1.33749998
2.22070312,0.289999962,0.537500024,-32.4000015,-5.7750001
3.65820312,2.81500006,-1.52499998,-23.8062496,-10.5249996
2.95898438,0.00999999978,1.47500002,-11.7749996,4.3499999
3.12109375,0.0,3.2874999,-13.2749996,2.5374999
4.10546875,0.319999993,5.9749999,-39.4000015,2.5374999
4.10546875,30.9399986,5.9749999,-48.0875015,2.5374999
4.10546875,62.5750008,5.9749999,-39.0875015,2.5374999
4.10546875,0.0,5.9749999,-25.5874996,2.5374999
3.4609375,0.0,1.16250002,-28.7437496,-6.1500001
3.4609375,4.07499981,1.16250002,-9.64999962,-6.1500001
1.86328125,0.0,-3.5875001,-14.0874996,-0.400000006
5.30859375,11.1850004,8.28750038,-42.9625015,3.1624999
3.5703125,3.05999947,4.0374999,-33.4312515,8.78750038
3.5703125,7.19999981,4.0374999,-33.4312515,8.78750038
3.95898438,14.0799999,2.9749999,-4.5250001,1.91250002
4.1875,1.625,1.22500002,-30.2437496,-12.5874996
4.1875,0.0,-0.462500006,-30.2437496,-5.9000001
4.09765625,0.0,-1.46249998,-14.9624996,-10.6499996
4.34765625,0.109999999,1.85000002,-13.5249996,-3.9000001
4.34765625,0.689999998,1.85000002,-13.5249996,-10.9624996
4.34765625,0.0,1.85000002,-13.5249996,-4.7125001
2.74804688,0.0599999987,-0.462500006,-29.3687496,2.0374999
2.54492188,0.0,-0.712499976,-12.2124996,-6.2750001
2.95117188,0.164999992,-3.2750001,-17.3374996,-5.3375001
2.95117188,0.00499999989,-2.9000001,-17.3999996,-14.5249996
2.95117188,0.0,-1.71249998,-17.9624996,-10.7124996
2.95117188,0.920000017,-1.71249998,-9.33749962,-10.7124996
2.89257812,0.0749999955,11.7250004,-50.1812515,9.41250038
3.1875,7.95500088,-0.649999976,-26.4624996,-4.2750001
3.1875,0.469999999,-0.649999976,-26.4624996,-4.2750001
2.359375,0.415000021,-5.0875001,-16.8999996,-4.5250001
2.81054688,0.0,-0.212500006,-26.3062496,-4.4625001
1.41796875,0.0,-4.2125001,-16.7124996,-0.275000006
1.41796875,0.0,-6.4625001,-15.8374996,-0.275000006
1.41796875,0.0,-6.4625001,-31.3687496,-0.275000006
1.53027344,0.0,-3.2125001,-16.7124996,1.72500002
1.62988281,0.0,-4.0875001,-24.5249996,-6.0875001
2.08984375,0.0749999955,-1.96249998,-16.8999996,0.912500024
2.08984375,1.36499989,-1.96249998,-19.1187496,0.912500024
2.65039062,0.229999989,0.412499994,-12.7124996,2.5374999
1.41015625,0.0449999981,-5.5250001,-18.4937496,0.600000024
1.85644531,0.284999996,-3.3375001,-20.8062496,-3.9625001
1.80078125,0.0,-4.4625001,-12.0249996,-2.9000001
1.92480469,0.0149999997,-3.7750001,-42.2750015,-7.9625001
2.85351562,1.64499986,-1.21249998,-16.0249996,-1.21249998
2.85351562,2.91499972,-1.21249998,-16.0249996,-1.21249998
2.35351562,2.98999977,-4.5250001,-31.2749996,-5.2750001
3.50585938,0.0,2.4749999,-31.2749996,1.53750002
2.91992188,4.11999989,1.78750002,-11.5874996,3.0999999
1.41796875,0.0,-7.0250001,-20.1187496,-3.2750001
1.41796875,0.269999981,-7.0250001,-23.7749996,-3.2750001
1.84863281,0.0,-6.7750001,-17.8999996,-4.6500001
2.50390625,0.474999994,-0.649999976,-21.8062496,-2.0875001
1.60839844,0.0,-5.2125001,-20.3687496,-2.3375001
1.46875,0.0449999981,-6.0875001,-16.9624996,-1.27499998
1.1015625,0.0,-8.39999962,-19.7749996,-11.2124996
3.84960938,0.0599999987,-1.52499998,-34.5250015,-11.2124996
2.54101562,0.319999993,-3.1500001,-14.4624996,-5.6500001
2.54101562,0.555000007,-2.7750001,-8.89999962,-0.400000006
2.54101562,9.54000092,-0.524999976,-12.6499996,-3.4625001
1.51855469,0.0,-5.2125001,-14.7124996,-3.4000001
1.51855469,0.474999994,-5.2125001,-14.7124996,-3.4000001
2.73632812,0.0,-2.7750001,-13.2124996,-9.58749962
1.85351562,0.375,-4.5250001,-19.2749996,0.662500024
1.82324219,0.105000004,-3.1500001,-12.3999996,-0.0874999985
1.82324219,6.51499987,-3.1500001,-25.9312496,-0.0874999985
3.48242188,0.269999981,0.474999994,-30.2124996,-13.0874996
5.25390625,0.319999993,9.28750038,-34.7750015,3.4749999
2.50585938,0.0449999981,-0.275000006,-17.7749996,3.0999999
2.7578125,0.0,1.22500002,-18.9937496,1.97500002
2.7578125,0.610000014,1.22500002,-7.0250001,1.97500002
2.7578125,0.370000005,1.22500002,-49.9937515,1.97500002
1.75976562,3.4000001,-1.83749998,-24.8687496,0.349999994
1.85449219,0.0249999985,-4.5875001,-16.3374996,-3.2125001
2.828125,0.0399999991,2.8499999,-10.6499996,3.2874999
1.71191406,0.0,-3.0875001,-24.9624996,0.787500024
1.54101562,0.0,-3.5250001,-11.4624996,1.03750002
1.54101562,0.0,-3.5250001,-11.4624996,1.03750002
1.69921875,0.109999999,-2.8375001,-23.5562496,-0.0250000004
3.97460938,0.0299999993,5.5374999,-18.4312496,5.0999999
3.72265625,0.264999986,6.1624999,-6.8375001,4.6624999
5.23828125,0.0,10.4125004,-21.8374996,10.7250004
6.76171875,0.954999924,13.2250004,-38.1500015,13.1625004
4.5546875,0.0399999991,6.7874999,-7.2750001,7.9749999
2.85351562,0.0,1.22500002,-7.2750001,1.85000002
2.01953125,0.0,-1.71249998,-19.8062496,2.0999999
2.0703125,0.0,-0.899999976,-9.83749962,0.349999994
3.57617188,0.204999983,1.78750002,-21.8062496,-4.2125001
4.609375,0.13499999,7.8499999,-6.0875001,10.9125004
4.609375,5.29500055,7.8499999,-40.6500015,10.9125004
2.49609375,0.310000002,1.72500002,-14.4624996,4.4749999
2.49609375,0.0,1.72500002,-24.8687496,10.1625004
4.765625,0.0,8.28750038,5.2249999,12.6000004
4.765625,0.0,8.28750038,5.2249999,12.6000004
5.71484375,0.0,7.0374999,-48.5250015,4.2874999
7.359375,10.46,12.5375004,-26.5874996,6.6624999
6.11328125,0.0,13.3500004,-22.4624996,17.4125004
6.11328125,8.71000004,13.3500004,-15.0249996,1.72500002
6.11328125,0.0,13.3500004,-1.64999998,7.4124999
6.11328125,13.4249992,13.3500004,-14.7124996,3.9749999
2.96875,0.0,2.6624999,-15.3999996,6.2249999
5.6171875,0.524999976,11.4750004,-24.1187496,12.9750004
5.6171875,12.5849991,11.4750004,-52.3687515,12.9750004
3.24414062,2.91999984,-0.649999976,-18.7124996,12.9750004
3.24414062,0.0,-0.649999976,-19.0249996,2.4749999
3.47070312,0.0,6.7249999,-24.0562496,10.6000004
5.015625,0.0,9.78750038,-11.9624996,14.4750004
4.05078125,0.0,10.7875004,-5.4625001,12.5375004
2.67578125,0.0,10.5375004,-27.1187496,15.1000004
2.67578125,0.174999997,10.5375004,-27.1187496,15.1000004
7.36328125,0.0,16.7250004,-1.64999998,19.4125004
7.36328125,1.02499998,16.7250004,-17.5562496,9.60000038
6.72265625,0.0,20.8500004,-39.8687515,23.1625004
6.72265625,9.60000038,20.8500004,-38.7437515,23.1625004
6.72265625,1.86499977,20.8500004,-15.6499996,23.1625004
5.75390625,2.69999981,13.7250004,-3.2125001,19.9125004
5.2421875,0.0,14.1000004,2.0374999,19.0375004
5.2421875,2.47000003,14.1000004,-28.4624996,19.0375004
4.58203125,2.26499987,3.6624999,-22.5562496,-8.33749962
4.64453125,0.13499999,7.0999999,-6.4625001,11.2250004
4.41015625,0.0,9.78750038,-4.5875001,15.1625004
4.625,0.0,11.1000004,-18.5562496,14.5375004
4.625,2.55499983,11.1000004,-14.5249996,-2.0875001
4.625,0.774999976,11.1000004,-19.9312496,-2.0875001
2.81054688,0.0,2.9749999,-17.0874996,8.85000038
2.81054688,0.0,2.9749999,-17.0874996,8.85000038
4.86328125,0.0,11.6000004,-11.4624996,16.9750004
5.140625,0.514999926,5.7249999,-5.7125001,5.5374999
2.50585938,0.174999982,5.0374999,-14.3999996,11.6625004
2.50585938,2.38000011,5.0374999,-33.4000015,22.4750004
2.50585938,13.335001,5.0374999,-50.0250015,22.4750004
2.50585938,38.954998,5.0374999,-48.6812515,22.4750004
2.50585938,4.34999943,5.0374999,-19.9624996,22.4750004
3.875,0.0549999997,8.85000038,-21.0874996,14.2250004
3.875,9.65999985,8.85000038,-20.5249996,14.2250004
3.875,3.6699996,8.85000038,-19.5249996,14.2250004
3.875,2.98499966,8.85000038,-6.1500001,30.7875004
3.875,14.0300007,8.85000038,-6.1500001,30.7875004
3.79492188,0.0,11.7875004,-29.3374996,15.4125004
3.79492188,2.31499982,11.7875004,-29.8062496,15.4125004
4.62109375,4.99499941,6.9124999,-11.5874996,1.60000002
4.62109375,5.23500061,6.9124999,-11.5874996,1.60000002
4.93359375,3.70000005,8.10000038,-14.7124996,14.1000004
4.93359375,0.0850000009,8.10000038,-17.1499996,16.8500004
5.36328125,0.0,10.6000004,5.0999999,17.6625004
5.36328125,0.0,10.6000004,8.47500038,19.6000004
5.36328125,0.0,10.6000004,4.3499999,17.7875004
5.36328125,0.0,10.6000004,-8.96249962,24.5375004
5.36328125,0.0,10.6000004,-19.6187496,29.2875004
5.6171875,0.0,19.6000004,-4.4625001,21.0375004
5.6171875,0.0,19.6000004,-2.8375001,17.2875004
9.3984375,0.0,17.8500004,-36.9937515,26.4750004
9.3984375,0.0,17.8500004,-19.6187496,31.5375004
9.3984375,0.159999996,17.8500004,-24.8062496,25.1625004
9.3984375,0.280000001,17.8500004,-22.4624996,19.3500004
9.3984375,0.0,17.8500004,-2.9000001,22.2250004
6.8828125,0.0,20.8500004,-0.962499976,23.6625004
6.8828125,0.075000003,20.8500004,-0.962499976,23.6625004
6.8828125,7.48999977,20.8500004,-7.8375001,17.7875004
6.8828125,0.0,20.8500004,-6.7125001,21.1625004
6.8828125,23.7349968,20.8500004,-38.9625015,21.1625004
6.8828125,3.43500042,20.8500004,-10.0874996,17.5375004
6.8828125,1.26499999,20.8500004,-16.2749996,12.4750004
6.8828125,0.0,20.8500004,-6.9625001,26.4750004
6.8828125,1.31499982,20.8500004,-13.9624996,26.4750004
6.8828125,0.0,20.8500004,-31.3374996,23.4750004
6.8828125,14.380002,20.8500004,-46.2125015,23.4750004
10.6640625,1.13499999,17.9750004,-1.83749998,24.9750004
10.6640625,0.0,17.9750004,-18.6812496,30.2250004
12.0625,0.0,28.6000004,-25.2437496,26.8500004
12.0625,3.03999949,28.6000004,-10.5874996,29.2875004
12.0625,23.4099998,28.6000004,-25.0249996,12.7875004
14.8984375,2.73000002,22.6000004,10.0375004,26.1625004
14.8984375,0.0,22.6000004,10.0375004,26.1625004
11.6953125,0.144999996,19.4125004,-4.3375001,27.7875004
11.6953125,0.159999996,19.4125004,-2.2750001,26.6000004
9.2421875,0.0,24.1000004,-12.0874996,30.1625004
9.2421875,5.73500013,24.1000004,-34.9625015,21.4750004
9.2421875,0.779999971,24.1000004,-3.4625001,8.91250038
5.328125,0.0,17.6625004,-5.5250001,21.4750004
6.59375,0.0,19.3500004,-18.7437496,21.5375004
6.59375,3.67500019,19.3500004,-35.7125015,14.9750004
6.59375,4.90999985,19.3500004,-7.2125001,20.9125004
10.8515625,13.5599995,19.4750004,-9.39999962,27.4750004
10.8515625,9.05499935,19.4750004,-32.9625015,28.2875004
10.8515625,1.54999995,19.4750004,-38.4000015,28.2875004
5.671875,0.0,14.9750004,-4.9625001,22.4750004
5.671875,0.0,14.9750004,4.9749999,28.8500004
5.671875,0.0,14.9750004,-42.9625015,26.7875004
5.671875,2.04499984,14.9750004,-42.9625015,26.7875004
5.671875,0.099999994,14.9750004,-23.8062496,29.9750004
5.671875,2.48500013,14.9750004,15.7250004,28.7875004
14.296875,7.18499994,27.9125004,14.0375004,29.2250004
14.296875,9.85999966,27.9125004,-34.4625015,25.1000004
14.296875,1.32499981,27.9125004,-46.5875015,23.9750004
14.296875,4.23000002,27.9125004,-7.6500001,24.7250004
14.296875,1.255,27.9125004,-21.6499996,12.6625004
8.703125,0.0,22.0375004,2.2874999,25.2875004
12.8515625,0.0,26.9125004,18.6000004,28.6625004
15.7890625,14.1700001,23.2250004,-25.8999996,24.6625004
15.7890625,0.269999981,23.2250004,-15.7124996,22.4750004
13.734375,7.12500095,21.6000004,-20.7124996,18.5375004
12.5859375,1.07999992,24.6000004,-4.0250001,26.4750004
12.5859375,0.0,24.6000004,2.4749999,22.3500004
12.5859375,19.75,24.6000004,-33.6812515,22.3500004
12.5859375,17.5349979,24.6000004,-33.6812515,22.3500004
16.40625,6.07999992,22.7250004,-19.6812496,27.0375004
16.40625,25.8750038,22.7250004,-0.962499976,24.9750004
12.609375,0.0,25.5375004,6.5374999,26.6625004
12.609375,1.81999993,25.5375004,-23.8687496,26.6625004
12.609375,26.0,25.5375004,-30.4312496,26.6625004
12.2578125,7.13000011,22.8500004,-3.5250001,25.2250004
12.578125,0.205000013,23.4750004,19.2875004,25.1625004
11.828125,8.71500015,22.6625004,3.9124999,26.6000004
10.1953125,0.264999986,19.9750004,7.7874999,22.5375004
9.3984375,0.180000007,18.8500004,-19.8062496,22.9125004
9.984375,0.0,20.1000004,-28.9312496,25.1625004
9.984375,0.514999986,20.1000004,-36.4312515,20.7875004
11.84375,5.43499947,22.6000004,12.9750004,26.2875004
10.0859375,0.0,25.2875004,2.4749999,26.7250004
10.0859375,14.5050001,25.2875004,-21.2124996,26.7250004
10.0859375,0.0,25.2875004,-21.2124996,26.7250004
10.0859375,11.0299997,25.2875004,-13.0249996,26.7250004
8.5546875,0.0,17.6000004,3.7249999,22.1000004
7.98828125,0.0,17.3500004,-5.9625001,21.5375004
7.98828125,16.2849998,17.3500004,-38.4000015,20.7250004
7.8359375,2.97000003,18.2875004,-40.0250015,23.1625004
10.421875,0.0,20.9750004,7.4124999,24.6625004
9.828125,0.0,23.9125004,-24.8687496,24.9125004
12.03125,0.0,21.7875004,13.2875004,26.7250004
11.28125,0.0,23.8500004,-39.9312515,28.1625004
13.9453125,1.59499991,23.9750004,-36.3062515,26.6000004
14.234375,0.210000008,26.1625004,-43.5562515,27.5375004
14.4375,0.340000004,24.6625004,-10.8374996,29.4125004
17.09375,2.55999994,24.6000004,-1.33749998,26.7875004
16.109375,6.76499939,27.6625004,-48.7125015,29.8500004
16.109375,1.16499996,27.6625004,-25.7124996,27.7250004
16.109375,1.25499988,27.6625004,-25.7124996,27.7250004
10.25,5.66499996,20.0375004,-4.7125001,25.8500004
9.234375,0.0449999981,20.7250004,-41.9312515,25.2250004
11.7265625,0.0,21.1625004,-50.1812515,27.3500004
16.90625,28.7649994,23.4125004,-34.7750015,20.9750004
16.90625,35.5899925,23.4125004,-39.5562515,20.9750004
13.75,30.9849987,22.9125004,-16.2124996,16.5375004
13.5625,0.0,24.9750004,-37.8687515,25.9125004
16.015625,7.78999901,23.9125004,-23.5874996,27.9750004
15.59375,0.0,24.7250004,-19.7749996,27.2250004
15.453125,0.0,22.3500004,9.60000038,24.9750004
12.1015625,0.0,24.7250004,4.9749999,28.6625004
15.90625,0.0,26.3500004,-31.8999996,30.2250004
16.5625,0.0,26.1625004,-0.150000006,29.2875004
14.578125,0.73999995,23.6000004,20.7875004,25.7250004
15.859375,0.0,24.4750004,-8.89999962,25.9125004
15.859375,5.67000008,24.4750004,-8.89999962,25.9125004
12.8828125,1.76499987,21.7250004,-25.3374996,27.1000004
11.296875,0.0,20.9750004,-39.4625015,24.0375004
11.296875,6.17999935,20.9750004,-37.9625015,24.0375004
11.296875,0.0,20.9750004,2.6624999,24.0375004
9.0234375,0.0,17.4750004,3.4124999,20.5375004
10.046875,0.0,20.0375004,1.16250002,25.4750004
10.046875,9.57499981,20.0375004,0.0375000015,10.2875004
9.546875,1.49000001,17.4750004,-1.46249998,20.7250004
9.6015625,0.0,20.2875004,4.8499999,24.1625004
10.6171875,4.46999931,19.9750004,-17.0874996,22.4125004
9.1015625,0.219999999,18.2250004,-27.6812496,21.4750004
7.84375,0.0249999985,16.7875004,-9.33749962,20.6625004
10.015625,0.0,19.2250004,-1.33749998,24.3500004
10.015625,0.979999959,19.2250004,-26.0874996,11.4750004
10.2265625,20.2749977,19.7875004,-20.0249996,23.4125004
10.2265625,0.789999962,19.7875004,-20.0249996,23.4125004
10.2265625,14.9500008,19.7875004,-29.9312496,16.2875004
8.8828125,5.55499983,19.4125004,13.8500004,24.3500004
13.6875,0.0,22.0375004,11.7250004,23.7250004
10.7578125,0.0,19.2250004,0.787500024,23.2250004
7.96484375,0.0,18.7250004,14.1000004,22.5375004
10.859375,0.0,21.2875004,-36.5875015,24.6625004
10.859375,0.670000017,21.2875004,-41.5562515,25.2875004
10.859375,11.5400009,21.2875004,-25.3687496,25.2875004
10.859375,21.4800014,21.2875004,-37.4000015,25.2875004
8.53125,0.0,14.7250004,1.85000002,17.4125004
7.625,0.0849999934,18.6000004,-29.0874996,23.2875004
7.28125,0.689999938,15.6625004,-5.9000001,19.7250004
10.390625,10.9949989,18.8500004,-12.2124996,21.5375004
7.28125,0.099999994,15.7250004,-2.5875001,17.6000004
8.0546875,0.0,15.6625004,-1.52499998,18.4750004
8.0546875,0.0,15.6625004,-1.52499998,18.4750004
7.68359375,0.0,15.2250004,4.9749999,18.7875004
10.625,0.425000012,18.5375004,-6.0875001,20.8500004
11.5859375,15.8399982,16.1625004,-12.7124996,8.10000038
9.5546875,24.2149963,15.0375004,-17.3062496,12.7875004
10.3671875,3.42499995,15.7250004,7.0374999,11.9750004
10.0,0.0,16.3500004,8.72500038,17.1000004
10.0,0.0,16.3500004,17.4750004,21.9750004
10.234375,0.0,19.5375004,-33.9000015,22.0375004
10.234375,0.180000007,19.5375004,-33.8375015,8.47500038
11.203125,1.62499988,19.2250004,1.66250002,19.6000004
11.390625,0.0,21.0375004,-37.3375015,24.1625004
11.9921875,0.0,21.1000004,5.7874999,22.3500004
10.6328125,0.0,20.7250004,7.1624999,17.6000004
11.828125,0.0,19.3500004,-27.6187496,21.1625004
10.265625,1.32000005,17.0375004,-15.8374996,15.4750004
10.265625,28.8100014,17.0375004,-15.8374996,15.4750004
5.76953125,4.49499989,10.7875004,-18.6499996,10.7250004
5.76953125,3.93499947,10.7875004,-8.14999962,4.3499999
7.3828125,0.0,14.6625004,4.3499999,17.1625004
8.203125,0.174999997,16.9750004,-18.8999996,20.4125004
7.83203125,9.47500038,16.2250004,-37.4625015,14.9125004
7.83203125,10.0299997,16.2250004,-15.8999996,5.1624999
7.83203125,0.155000001,16.2250004,-15.1499996,8.60000038
6.44921875,0.0399999991,11.5375004,-17.1499996,14.6625004
8.9453125,9.04999828,13.8500004,-21.6499996,8.97500038
8.9453125,71.4449997,13.8500004,-41.5875015,8.97500038
7.09765625,4.90000057,12.8500004,-16.0249996,13.9750004
7.6796875,0.0,12.7875004,-30.1187496,14.4750004
7.59765625,0.394999981,11.2875004,-8.77499962,14.4750004
7.59765625,9.85000038,11.2875004,-13.4624996,14.4750004
7.59765625,0.654999971,11.2875004,-11.8374996,5.9749999
7.59765625,0.0,11.2875004,-11.8374996,5.9749999
4.31640625,0.399999976,6.8499999,-13.0249996,10.2250004
3.9921875,0.0,5.1624999,-18.4624996,6.8499999
4.1171875,0.25,6.0999999,-19.0249996,10.9125004
4.1171875,0.0,6.0999999,-12.2124996,10.8500004
5.203125,0.0,8.16250038,1.72500002,10.9750004
5.95703125,0.0,12.7250004,-4.4625001,13.6000004
7.26171875,0.0,12.9125004,10.1000004,14.1625004
6.68359375,0.845000029,11.7875004,-9.39999962,13.3500004
6.68359375,5.83499956,11.7875004,-63.3062515,11.6625004
6.71484375,0.0,9.85000038,-43.1812515,12.9750004
5.12890625,58.9550018,8.10000038,-10.5874996,12.2875004
3.34570312,2.2349999,3.6624999,-33.8062515,0.224999994
4.34375,3.64499998,6.3499999,-15.8999996,-1.71249998
3.2890625,0.824999928,4.5999999,-17.7437496,3.7874999
3.36914062,0.0,1.78750002,-13.2124996,7.5374999
3.36914062,0.625,1.78750002,-13.2124996,7.5374999
3.36914062,8.32999897,1.78750002,-30.1499996,-5.5250001
3.36914062,0.439999998,1.78750002,-17.2749996,6.6624999
4.94140625,0.0,5.5374999,-34.3062515,-0.712499976
5.09765625,3.5849998,6.4124999,-38.2125015,3.9749999
5.09765625,0.299999982,6.4124999,-17.1812496,5.5999999
2.53125,0.0,0.100000001,-15.5874996,4.2874999
5.890625,0.0,7.1624999,-10.7124996,5.4749999
6.8671875,4.29999971,8.53750038,-22.7437496,-0.524999976
6.8671875,4.80499983,8.53750038,-23.8374996,-0.524999976
2.95898438,0.0,1.16250002,-10.9624996,5.5374999
2.95898438,0.00999999978,1.16250002,-20.5562496,5.5374999
2.60742188,0.0,1.53750002,-10.9624996,4.4749999
2.60742188,0.0,1.53750002,-29.3062496,-9.83749962
4.41796875,0.0,6.0374999,-14.5874996,5.4749999
4.41796875,3.99499989,4.2874999,-9.96249962,-1.52499998
4.41796875,0.0,4.2874999,-9.96249962,-1.52499998
3.56640625,0.764999986,0.224999994,-16.5249996,4.3499999
4.04296875,1.0999999,1.72500002,-32.4937515,-4.7125001
4.04296875,23.9300022,1.72500002,-43.2125015,-4.7125001
4.04296875,0.0,1.72500002,-33.8062515,-14.8999996
2.87304688,0.98999995,-1.64999998,-34.9000015,-14.8999996
3.5703125,0.0949999988,2.7874999,-36.4625015,-4.8375001
3.5703125,0.870000005,2.7874999,-27.9937496,-4.8375001
3.5703125,24.5699997,2.7874999,-54.1500015,10.6625004
3.28710938,0.0,4.3499999,-12.9624996,6.7874999
3.80859375,0.0,5.9124999,-10.0874996,8.22500038
3.80859375,0.0,5.9124999,-39.9312515,7.1624999
3.80859375,6.58500004,5.9124999,-37.2437515,7.1624999
3.80859375,6.48999977,5.9124999,-42.8375015,12.4750004
3.80859375,0.0700000003,5.9124999,-5.9000001,12.4750004
3.80859375,5.43499994,5.9124999,-29.5249996,12.4750004
3.80859375,0.334999979,5.9124999,-29.5249996,12.4750004
4.07421875,0.98999995,2.1624999,-22.5249996,0.975000024
3.53710938,0.0,6.0999999,-7.1500001,4.1624999
2.11914062,0.0,-0.587499976,-17.4312496,2.3499999
1.83203125,0.0,-2.6500001,-17.3687496,-1.71249998
4.23046875,0.25999999,2.2249999,-23.5874996,-1.27499998
5.0625,10.7350006,4.5999999,-10.6499996,-2.9000001
5.0625,0.699999928,4.5999999,-10.1499996,-2.9000001
5.0625,0.49999997,-1.52499998,-14.7749996,-2.9000001
5.0625,2.83999991,-1.52499998,-33.9937515,-3.7125001
5.0625,1.61000013,1.85000002,-14.7124996,-4.3375001
5.0625,1.0999999,4.4124999,-11.0874996,0.349999994
5.0625,0.125,2.4749999,-6.5250001,2.0999999
5.0625,3.74499989,2.4749999,-45.3687515,2.0999999
5.0625,8.30000019,2.4749999,-15.8999996,-6.0875001
2.68554688,0.0,-1.27499998,-14.2124996,-0.899999976
2.68554688,0.0,-1.27499998,-14.2124996,-0.899999976
4.30859375,0.0899999961,1.53750002,-40.4312515,-9.39999962
4.30859375,0.0,1.53750002,-18.4937496,-9.39999962
1.79492188,0.0,-4.5875001,-17.8687496,-4.9625001
2.61914062,0.0,-1.71249998,-14.6499996,-3.3375001
2.61914062,7.77999973,5.4124999,-17.1499996,-9.96249962
1.59765625,0.0,-5.8375001,-24.6812496,-4.4000001
0.81640625,0.0,-10.3999996,-17.8999996,-10.8374996
3.69921875,0.0,-0.649999976,-27.7437496,-7.6500001
3.69921875,0.0,-0.649999976,-21.5874996,-7.6500001
1.65429688,0.0,-2.0250001,-11.2749996,-1.02499998
1.72558594,0.0,-10.2124996,-18.3999996,-10.5874996
2.51757812,0.0,-3.6500001,-9.21249962,-1.52499998
2.51757812,19.1550007,-4.5250001,-24.9937496,-9.52499962
2.62890625,0.179999992,-4.0250001,-14.3374996,-3.0250001
2.62890625,2.23000002,-1.96249998,-9.08749962,-3.0250001
2.62890625,0.179999992,-1.96249998,-9.08749962,-3.0250001
1.30273438,0.0,-6.8375001,-13.8999996,-7.7750001
1.33691406,0.0,-3.7750001,-32.6500015,-6.9625001
1.66601562,0.825000048,-10.7124996,-33.3062515,-16.1499996
1.85546875,0.24499999,-8.08749962,-30.9312496,-12.2749996
2.00390625,0.334999979,-4.8375001,-18.7437496,-0.962499976
1.13671875,0.644999981,-7.7750001,-17.6187496,-5.6500001
3.27539062,0.0,-0.462500006,-40.1500015,-5.0250001
1.59082031,0.105000004,-5.7125001,-32.9937515,-4.5875001
1.29492188,0.0,-7.0250001,-32.4625015,-10.3999996
1.37695312,0.0,-5.2750001,-16.8999996,-5.7750001
1.859375,0.0,-1.14999998,-12.0249996,-0.712499976
3.09765625,0.0,0.100000001,-28.3687496,-1.14999998
4.5390625,3.04500008,6.5374999,-33.0875015,-3.5250001
4.5390625,18.2950001,6.5374999,-46.5250015,-3.5250001
2.97070312,14.7699986,-2.1500001,-24.8687496,-8.96249962
2.97070312,0.419999957,-2.1500001,-24.8687496,-8.96249962
2.79882812,0.0,-3.7750001,-6.1500001,-1.33749998
2.84570312,0.0,2.5999999,-44.2437515,-4.1500001
1.71777344,0.0599999987,0.412499994,-16.0874996,-7.8375001
1.71777344,0.324999988,0.412499994,-16.0874996,-7.8375001
3.64453125,0.389999986,2.2874999,-23.6499996,-1.02499998
3.69335938,0.579999924,3.5374999,-31.0562496,-0.962499976
3.05273438,3.10500002,-0.212500006,-18.6812496,-0.212500006
1.75976562,0.170000002,-5.6500001,-25.1812496,-6.4000001
2.015625,0.0,-7.4000001,-24.8374996,-8.02499962
1.56542969,0.0599999987,-4.1500001,-16.2749996,-1.08749998
5.05078125,0.254999995,5.4124999,-43.8375015,2.2874999
5.05078125,15.7749977,5.4124999,-55.1812515,2.2874999
2.45507812,16.2849979,-3.4625001,-13.8374996,-6.5250001
2.45507812,0.105000004,-3.4625001,-29.2749996,-1.33749998
3.3203125,0.0299999993,0.0375000015,-15.7749996,0.600000024
3.3203125,0.0,0.0375000015,-15.7749996,0.600000024
3.3203125,27.7900009,0.0375000015,-49.3687515,0.600000024
3.3203125,0.850000024,0.0375000015,-12.5874996,0.600000024
2.53515625,0.415000021,-1.58749998,-18.3687496,-1.08749998
2.53515625,6.43499994,-3.5875001,-14.4624996,-10.7124996
2.515625,0.0850000009,-1.52499998,-12.9624996,-1.39999998
2.94921875,0.620000005,1.03750002,-27.7749996,-6.0250001
2.94921875,0.0,-5.7750001,-35.2125015,-8.27499962
3.83007812,0.514999986,1.72500002,-38.5250015,-15.8374996
3.48242188,0.0,2.5374999,-6.5875001,0.975000024
2.0390625,1.39999998,-3.2750001,-22.3062496,-0.150000006
2.74414062,0.0,-0.962499976,-21.0562496,-1.64999998
2.74414062,1.11000001,-0.962499976,-21.0562496,-1.64999998
6.73046875,5.45999956,13.2250004,-0.337500006,10.0375004
6.73046875,16.9699993,13.2250004,-51.3687515,10.0375004
2.63671875,0.0,2.1624999,-10.9624996,2.9124999
2.63671875,0.955000043,2.1624999,-27.2749996,2.9124999
3.09179688,0.0,3.9749999,-17.0249996,3.0999999
3.8515625,0.00999999978,5.5999999,-35.9937515,-1.64999998
3.8515625,4.30999994,5.5999999,-26.8062496,-1.64999998
2.3671875,0.379999995,-2.7750001,-20.9624996,-4.4000001
4.45703125,0.0,8.22500038,-16.8374996,9.78750038
4.45703125,3.26999998,8.22500038,-36.2437515,9.78750038
5.6796875,0.0,8.72500038,-13.5249996,8.85000038
6.5390625,0.294999987,13.7875004,-0.962499976,13.7875004
6.33203125,0.0,14.3500004,1.35000002,16.1000004
6.5078125,23.789999,15.7875004,-30.0249996,15.3500004
4.87109375,0.284999996,5.9124999,-19.6812496,-10.3374996
3.40820312,0.0,5.2874999,-11.2124996,9.10000038
2.93554688,0.0,6.7874999,-26.1187496,9.47500038
2.93554688,2.12999988,6.7874999,-26.1187496,9.47500038
6.4140625,2.70000005,8.66250038,-5.0250001,14.1000004
6.4140625,2.03499985,8.66250038,-14.5249996,14.1000004
4.4609375,0.0,3.1624999,-9.14999962,4.3499999
3.57226562,0.0,-1.33749998,-20.1187496,-5.1500001
1.84570312,0.254999995,-4.2750001,-24.9312496,-9.52499962
2.51953125,0.0,0.725000024,-15.8374996,1.78750002
2.51953125,0.474999964,0.725000024,-17.8062496,1.78750002
2.51953125,18.7450008,0.725000024,-17.8062496,1.78750002
2.51953125,0.0,0.725000024,-17.8062496,1.78750002
2.51953125,0.0,0.725000024,-17.8062496,1.78750002
2.51953125,1.64999986,0.725000024,-17.8062496,1.78750002
2.51953125,0.0,0.725000024,-17.8062496,1.78750002
2.51953125,0.0,0.725000024,-17.8062496,1.78750002
2.51953125,0.0,0.725000024,-17.8062496,1.78750002
2.51953125,27.9699974,0.725000024,-17.8062496,1.78750002
2.51953125,3.45499992,0.725000024,-17.8062496,1.78750002
2.51953125,0.850000024,0.725000024,-17.8062496,1.78750002
2.51953125,0.0,0.725000024,-17.8062496,1.78750002
2.51953125,0.0,0.725000024,-17.8062496,1.78750002
2.51953125,11.1850004,0.725000024,-17.8062496,1.78750002
2.51953125,2.45000005,0.725000024,-17.8062496,1.78750002
2.51953125,9.2149992,0.725000024,-39.3375015,1.78750002
2.51953125,0.224999994,0.725000024,-28.4937496,13.6000004
4.08203125,4.30000019,7.2249999,-24.1499996,2.5374999
4.08203125,0.0,7.2249999,-24.1499996,2.5374999
4.08203125,7.22499943,7.2249999,-43.6500015,1.53750002
4.08203125,13.7299995,7.2249999,-20.3687496,1.53750002
3.62695312,0.0,7.6624999,-13.0249996,12.6625004
3.62695312,4.30500031,7.6624999,-13.4624996,12.6625004
4.078125,0.194999993,11.8500004,-9.46249962,12.1625004
4.078125,3.86999989,11.8500004,-24.3062496,12.1625004
7.7890625,0.75,23.3500004,-26.9624996,22.6000004
9.6328125,0.299999982,21.9125004,-13.2749996,27.1625004
9.6328125,7.09499931,21.9125004,-35.6187515,27.1625004
3.79296875,0.0,4.4749999,-11.5249996,6.7249999
2.75976562,0.0599999987,5.5374999,-2.8375001,11.1000004
2.75976562,0.0,5.5374999,-8.08749962,13.9125004
2.75976562,0.0,5.5374999,2.9749999,16.2250004
2.75976562,0.0,5.5374999,-50.7125015,20.4750004
2.75976562,6.75500011,5.5374999,-11.0874996,20.4750004
2.75976562,3.68999958,5.5374999,-11.0874996,20.4750004
2.75976562,23.0150013,5.5374999,-21.5562496,19.8500004
2.75976562,0.0,5.5374999,-48.1500015,23.6000004
2.75976562,0.129999995,5.5374999,-44.4000015,23.6000004
2.75976562,0.0149999997,5.5374999,-28.3687496,22.6000004
4.13671875,0.0,16.7250004,1.28750002,18.8500004
3.99804688,0.0,20.4750004,8.53750038,21.7875004
3.99804688,0.0,20.4750004,-4.7750001,24.2875004
5.5546875,0.0,25.7875004,0.412499994,24.2250004
6.28125,0.0,26.0375004,-44.2750015,25.7875004
10.953125,0.0,24.7250004,8.53750038,25.3500004
12.4609375,0.0,25.1000004,-28.8374996,30.6000004
12.4609375,0.0,25.1000004,-15.7124996,22.2875004
12.4609375,11.9899998,25.1000004,-15.7124996,22.2875004
12.4609375,0.00499999989,25.1000004,-3.8375001,15.4125004
4.9921875,0.0,7.5999999,-35.2750015,17.0375004
4.9921875,1.49000001,7.5999999,-6.9625001,17.0375004
4.9921875,0.669999957,7.5999999,-29.9937496,20.3500004
4.9921875,0.0,7.5999999,-7.1500001,30.4125004
4.9921875,0.830000043,7.5999999,-19.8687496,30.4125004
7.08203125,0.0,11.5375004,-32.8687515,15.0375004
7.08203125,0.0,11.5375004,-32.5562515,17.1000004
7.08203125,0.0,11.5375004,-23.9312496,17.6000004
7.08203125,3.57000017,11.5375004,-23.9312496,17.6000004
7.08203125,12.9749994,11.5375004,-23.3687496,16.9125004
7.08203125,0.379999995,11.5375004,12.7875004,23.4750004
8.09375,0.0,20.6000004,2.1624999,21.5375004
11.59375,0.0,28.9750004,-0.712499976,25.4750004
11.59375,0.0,28.9750004,-18.3999996,29.7250004
11.59375,28.1299973,28.9750004,-47.5562515,29.7250004
11.59375,0.0700000003,28.9750004,-39.7750015,16.6625004
8.1484375,0.0,18.6000004,-8.77499962,22.1000004
8.1484375,0.0,18.6000004,-38.6187515,20.4125004
6.3515625,0.0,17.9125004,3.9749999,25.1000004
6.3515625,0.049999997,17.9125004,-40.9000015,17.6625004
6.3515625,13.7350006,17.9125004,-39.7125015,17.6625004
6.3515625,7.74499989,17.9125004,-12.7749996,18.3500004
6.3515625,17.3449993,17.9125004,-9.89999962,18.3500004
7.33203125,0.0,14.1000004,-2.7750001,20.2875004
8.6875,0.0,15.2250004,-19.4624996,23.8500004
8.6875,3.94999981,15.2250004,-10.7749996,23.8500004
8.6875,0.0900000036,15.2250004,-12.0249996,20.4750004
10.6484375,0.0,22.1625004,8.53750038,23.6625004
10.6484375,2.18499994,22.1625004,-13.5874996,25.9125004
15.7734375,26.1499977,27.6625004,-32.3687515,27.7250004
9.5625,0.0,22.6625004,4.2874999,22.4750004
9.5625,0.0,22.6625004,2.7249999,22.4750004
9.5625,0.0,22.6625004,3.0374999,21.1000004
9.890625,0.0,21.0375004,-19.7437496,16.6000004
9.890625,1.82999992,21.0375004,-29.3999996,25.0375004
16.40625,0.0,23.8500004,15.8500004,24.8500004
16.40625,1.02499998,23.8500004,8.91250038,24.9750004
9.1015625,0.0,26.3500004,14.1000004,26.7250004
10.4609375,0.0,26.7875004,-19.2124996,27.5375004
13.8359375,3.64499998,28.3500004,-29.9312496,34.7249985
13.8359375,0.479999989,28.3500004,-12.8374996,25.1000004
9.6953125,0.0,17.6000004,-9.77499962,23.2250004
9.6953125,0.554999948,17.6000004,-35.8062515,23.2250004
9.6953125,0.0850000009,17.6000004,-25.5874996,26.6625004
9.6953125,0.049999997,17.6000004,-22.8374996,36.1624985
9.6953125,14.3799992,17.6000004,-21.5874996,24.4750004
9.8203125,0.254999995,17.7250004,-8.02499962,25.2250004
9.8203125,0.0,17.7250004,-8.02499962,25.2250004
9.8203125,8.46000099,17.7250004,-4.7125001,25.2250004
9.8203125,0.049999997,17.7250004,1.28750002,22.5375004
11.265625,0.0,21.6000004,-24.7124996,27.0375004
11.265625,0.129999995,21.6000004,-24.7749996,29.1625004
7.53125,0.0,22.1000004,-13.0249996,23.9750004
9.46875,0.0,23.2250004,-4.0875001,26.9750004
9.46875,0.0,23.2250004,-2.9625001,26.5375004
11.2890625,0.664999962,25.4125004,-3.4625001,25.7875004
11.2890625,2.55500007,25.4125004,-2.7125001,26.7250004
9.78125,0.0,19.9750004,-0.524999976,25.2875004
9.78125,0.0,19.9750004,-14.0249996,27.4125004
9.71875,0.264999986,22.8500004,-32.8375015,28.2250004
13.484375,0.0,22.8500004,-42.9625015,36.0999985
13.484375,27.7449951,22.8500004,-35.4312515,12.0375004
14.9921875,0.0,22.9125004,-10.6499996,28.1625004
15.6796875,1.9749999,26.6000004,-18.6187496,28.7250004
14.9296875,2.49000001,21.5375004,3.5999999,27.1625004
12.6015625,0.0,24.1625004,4.3499999,29.2875004
12.6640625,0.0,28.5375004,-32.0250015,30.0375004
12.6640625,3.20499992,28.5375004,-10.9624996,28.3500004
12.6640625,15.5849991,28.5375004,13.1000004,24.6625004
10.796875,0.0,19.6625004,-20.3374996,25.1000004
10.796875,0.0700000003,19.6625004,-20.3374996,25.1000004
10.796875,3.55499983,19.6625004,-22.7437496,21.5375004
8.953125,0.0,19.2875004,9.60000038,25.6000004
8.953125,0.0,19.2875004,11.3500004,22.7875004
12.65625,0.13499999,21.7250004,-41.7125015,26.1000004
12.65625,0.25,21.7250004,2.0999999,27.7250004
12.78125,1.43999994,21.5375004,12.6625004,25.8500004
13.5546875,0.0,25.9125004,-39.4312515,26.6000004
16.609375,5.55999947,23.7250004,-23.4624996,27.2875004
15.390625,21.835001,26.3500004,-22.5874996,28.2875004
18.390625,0.0,26.4750004,18.1625004,29.4750004
15.75,0.0,25.9750004,-39.3375015,28.9125004
15.75,5.71499968,25.9750004,-1.08749998,28.2875004
15.75,0.0349999964,25.9750004,11.0375004,11.6000004
11.6875,0.0,20.2250004,-1.27499998,25.2250004
13.0703125,0.0,19.4750004,-3.0250001,26.2875004
13.0703125,0.0,19.4750004,-14.8374996,25.7250004
8.5,0.0,19.9750004,-3.2750001,25.7250004
9.2265625,0.0,21.2875004,-6.9000001,27.4750004
10.8984375,0.289999992,22.2875004,-20.4312496,26.6625004
11.359375,0.594999969,23.7250004,-32.9625015,26.2250004
11.359375,4.86000013,23.7250004,-36.3375015,24.9125004
11.2421875,0.189999998,20.6000004,-30.1187496,26.6000004
11.2421875,0.0699999928,20.6000004,-30.1187496,26.6000004
13.2890625,0.049999997,24.9125004,-1.64999998,29.1000004
12.8203125,30.5449982,22.6625004,-31.3687496,26.4125004
12.8203125,13.8650007,22.6625004,-12.5874996,23.8500004
13.1328125,0.559999943,21.1625004,-22.4937496,17.7875004
11.4296875,0.0,22.7875004,16.0375004,26.3500004
13.0234375,0.0,23.1625004,-16.5249996,26.6625004
13.0234375,0.215000004,23.1625004,-5.5250001,23.1625004
9.7109375,0.0,21.2875004,13.6625004,24.9125004
13.5,0.0,25.0375004,-40.0875015,28.2250004
16.0625,3.25,25.9750004,4.3499999,29.9125004
16.0625,7.32999992,25.9750004,-22.2437496,29.9125004
9.0625,0.539999962,18.4125004,1.66250002,22.6625004
8.3046875,0.0,16.6000004,7.5374999,22.6625004
11.859375,0.0,21.9750004,20.0375004,25.7875004
13.3359375,0.0,23.7875004,-12.3999996,25.5375004
11.71875,0.0149999997,20.0375004,-45.2125015,18.7250004
11.71875,19.7749996,20.0375004,-27.5562496,18.7250004
13.3671875,0.0249999985,20.9125004,7.5999999,14.0375004
11.25,0.0199999996,17.6000004,3.4749999,11.2250004
11.8828125,0.0,20.7250004,-6.0250001,24.7875004
10.8125,0.0,22.7875004,22.0375004,24.7875004
11.2265625,0.24499999,21.8500004,-34.7750015,26.1000004
11.2265625,10.6750011,21.8500004,-34.7750015,26.1000004
13.3046875,0.164999992,18.6625004,-9.58749962,16.2250004
9.8828125,0.594999969,19.1000004,-3.0250001,19.7875004
11.6171875,0.0,19.2250004,1.03750002,21.4750004
7.234375,0.0,17.4125004,-30.6499996,20.2250004
7.234375,0.0,17.4125004,-0.150000006,8.78750038
12.15625,0.0,21.8500004,-12.3374996,24.2250004
12.15625,2.70499992,21.8500004,-19.8999996,23.4750004
12.15625,21.8200016,21.8500004,-45.5562515,23.4750004
12.15625,4.18000031,14.9125004,6.5374999,15.4125004
13.1171875,0.0249999985,22.9750004,-36.9000015,26.6625004
13.1171875,21.8949986,22.9750004,-11.5874996,10.5375004
5.890625,0.0,12.6625004,-5.0250001,16.6625004
8.3828125,0.0,15.6625004,1.28750002,18.6625004
8.3828125,3.95000029,15.6625004,-20.8374996,18.6625004
8.9140625,2.11499977,15.1000004,-18.5874996,17.9750004
7.4140625,9.6600008,13.7875004,-36.2437515,13.1625004
8.140625,14.3249969,12.7250004,3.1624999,9.41250038
6.3671875,0.0,14.7250004,7.5374999,16.6000004
9.3984375,0.0,18.1000004,-45.7750015,17.6000004
7.81640625,0.659999967,18.6000004,-31.1187496,20.2250004
7.3359375,0.13499999,14.4125004,-31.6812496,16.6625004
6.7890625,0.00999999978,15.2250004,-40.7125015,16.1625004
6.7890625,0.0549999997,15.2250004,-40.7125015,16.1625004
9.7421875,0.0,18.4125004,-1.46249998,18.6625004
9.7421875,0.185000002,18.4125004,-26.2437496,25.5375004
9.7421875,1.53999972,18.4125004,1.22500002,13.9125004
3.87890625,0.0,11.1625004,-3.9000001,16.7250004
5.74609375,2.43499994,11.4750004,-6.3375001,15.4750004
5.99609375,1.69000006,11.5375004,-6.4000001,15.1000004
7.17578125,0.0,15.7250004,13.7875004,17.8500004
7.17578125,0.764999986,15.7250004,-41.3687515,11.9750004
7.17578125,17.625,15.7250004,-18.5874996,11.9750004
5.625,0.304999977,12.7250004,-14.0874996,16.7875004
6.0703125,0.0,15.3500004,-13.1499996,18.2875004
6.078125,0.0,12.6000004,-7.3375001,17.1000004
6.078125,5.81999969,12.6000004,-17.7437496,15.2250004
6.078125,0.200000018,12.6000004,-13.6499996,15.2250004
6.6015625,0.0,7.7249999,-25.1812496,-4.5875001
6.6015625,1.04999995,7.7249999,-30.4937496,-4.5875001
6.7265625,0.0,13.9750004,-3.7750001,15.3500004
6.3359375,0.0,17.9125004,15.2250004,17.8500004
7.57421875,0.234999999,15.1625004,-45.0562515,18.2250004
11.2265625,3.64499998,17.3500004,0.912500024,17.7875004
11.453125,0.0,16.1625004,13.6000004,17.4125004
9.84375,0.0749999955,15.2250004,-5.8375001,19.2875004
5.59375,0.0,10.4750004,-0.899999976,11.7875004
5.078125,0.00999999978,12.3500004,-22.5562496,12.7875004
6.7265625,0.0,13.6625004,-25.1499996,16.0375004
6.7265625,0.0,13.6625004,-27.1812496,15.4750004
9.6953125,0.180000007,15.1000004,-9.89999962,10.2250004
9.6953125,0.0,15.1000004,0.537500024,9.03750038
6.83203125,0.0,14.5375004,2.0374999,16.5375004
6.83203125,0.0,14.5375004,2.0374999,16.5375004
9.0390625,0.0,17.3500004,-9.27499962,20.1000004
9.0390625,0.0,17.3500004,-43.4937515,15.7875004
9.765625,1.74000001,17.0375004,-21.0249996,18.9125004
9.765625,0.170000002,17.0375004,-12.7124996,13.7250004
5.26171875,0.0,9.47500038,8.10000038,10.6000004
6.97265625,0.0,13.3500004,-10.0874996,13.4125004
6.97265625,0.0,13.3500004,8.72500038,17.1625004
6.97265625,34.0150032,13.3500004,-39.8687515,17.1625004
6.97265625,53.6500015,13.3500004,-8.02499962,17.1625004
3.03320312,0.0,2.1624999,-20.4624996,3.0999999
3.72460938,0.0,4.9749999,-10.3374996,6.9124999
3.72460938,0.409999967,4.9749999,-44.9625015,6.9124999
4.69921875,0.324999988,4.3499999,-10.8374996,4.2874999
3.6171875,0.459999979,-2.5875001,-15.0874996,1.97500002
2.20703125,0.0,0.0375000015,-26.5249996,1.97500002
2.71289062,0.0,-0.462500006,-25.8374996,-0.774999976
1.44140625,0.0,-4.6500001,-28.6499996,0.725000024
3.34960938,0.0,4.5374999,-22.7124996,3.3499999
3.41992188,0.144999996,4.8499999,-34.8375015,3.3499999
4.0703125,2.03999996,1.10000002,-7.2750001,7.5374999
5.41796875,0.0,7.9749999,-20.0249996,5.9124999
5.62109375,2.43000007,2.1624999,-6.9000001,1.16250002
5.62109375,0.0,2.1624999,-6.9000001,11.6625004
5.62109375,14.0899982,2.1624999,-47.3375015,11.6625004
5.62109375,6.01999998,2.1624999,-12.1499996,11.6625004
5.62109375,0.0,2.1624999,-24.2437496,11.6625004
5.62109375,13.0999985,2.1624999,-25.3374996,11.6625004
5.62109375,0.0,2.1624999,-17.1499996,11.6625004
4.0625,0.0,5.2249999,-12.1499996,6.8499999
4.0625,18.5100002,5.2249999,-26.0562496,6.8499999
2.81835938,0.0,-0.587499976,-30.2437496,1.97500002
2.81835938,0.0,-0.587499976,-45.9312515,9.53750038
4.375,5.58500004,6.9749999,-31.4624996,-2.5250001
4.375,6.80499935,6.9749999,-16.5874996,-1.83749998
4.09765625,0.0,2.4749999,-7.0250001,0.975000024
3.83007812,0.0,3.5374999,-5.4000001,4.3499999
3.83007812,0.0,3.5374999,1.35000002,0.912500024
3.42773438,0.0149999997,2.5374999,-22.6812496,-6.4000001
3.58007812,0.0,1.91250002,-7.5250001,-0.150000006
3.71679688,0.0,1.78750002,-8.89999962,2.4124999
4.81640625,0.0,1.85000002,-21.5562496,1.85000002
4.81640625,18.5949993,1.85000002,-50.1812515,1.85000002
4.81640625,16.7199993,0.224999994,-38.5875015,-6.7750001
4.81640625,0.00499999989,-0.275000006,-18.6499996,-0.150000006
1.83789062,0.0,-3.2750001,-19.2437496,-1.39999998
1.83789062,1.32500005,-3.2750001,-26.3999996,-1.39999998
2.84570312,0.0,-1.58749998,-9.89999962,4.5999999
2.84570312,1.0,-1.58749998,-6.0250001,1.91250002
2.84570312,3.95499992,-1.58749998,-37.4000015,1.91250002
2.84570312,40.5200043,-5.1500001,-41.0562515,-9.71249962
1.84277344,0.344999969,-4.9625001,-25.5874996,-5.1500001
1.42871094,0.0,-7.3375001,-20.2749996,-2.9625001
1.42871094,0.0,-7.3375001,-32.4625015,-2.9625001
2.18554688,0.239999995,-4.6500001,-22.7437496,-3.4625001
2.18554688,3.52999973,-4.6500001,-43.5562515,-3.4625001
6.79296875,0.0,9.35000038,-2.8375001,5.8499999
7.9375,0.0399999991,9.66250038,-12.7749996,7.4749999
7.9375,5.28499985,9.66250038,-44.6187515,7.4749999
5.1171875,3.48499966,4.5374999,-28.3062496,-6.4000001
5.1171875,0.0,4.5374999,-28.3062496,-6.4000001
5.1171875,15.3099995,4.5374999,-36.1500015,-3.5875001
5.1171875,18.8099976,4.5374999,-48.5250015,-3.5875001
4.16015625,2.36000013,5.9124999,-21.2749996,6.0374999
3.42382812,0.0,0.975000024,-13.9624996,-2.9000001
3.18164062,0.0,1.85000002,-20.1812496,-2.6500001
2.95898438,0.420000017,-0.774999976,-12.0874996,1.53750002
2.95898438,0.0,-0.774999976,-10.3374996,1.53750002
1.9375,0.0,-2.4625001,-17.2124996,0.474999994
2.59375,0.0,0.600000024,-34.6500015,-4.2750001
4.9296875,11.704999,7.7249999,-49.3687515,-6.6500001
4.9296875,18.3299999,7.7249999,-9.71249962,-6.6500001
2.28320312,0.0,-3.0250001,-10.0249996,-1.21249998
4.3671875,0.0,0.537500024,-5.9000001,-2.5875001
4.234375,0.0,2.0374999,-0.400000006,0.537500024
4.81640625,4.4800005,3.4124999,-17.2437496,-1.33749998
4.81640625,0.0,3.4124999,-7.4625001,-1.58749998
4.81640625,20.5449982,3.4124999,-52.2437515,-1.58749998
4.81640625,9.29999924,3.4124999,-17.3687496,-1.58749998
4.81640625,0.0,3.4124999,-9.27499962,-1.58749998
4.81640625,2.375,3.4124999,-35.9625015,-1.58749998
4.81640625,7.46999836,3.4124999,-7.2125001,-1.58749998
4.81640625,0.0,3.4124999,-17.4312496,-1.58749998
4.81640625,10.7300005,3.4124999,-30.9312496,-1.58749998
2.38671875,0.0,-5.1500001,-17.8999996,-8.96249962
2.38671875,0.0,-5.1500001,-15.2749996,1.72500002
2.45898438,0.314999968,1.53750002,-31.3062496,0.662500024
4.07421875,2.12999988,2.1624999,-17.8374996,-9.52499962
4.07421875,1.23500001,2.1624999,-14.6499996,-0.212500006
1.6484375,0.0,-5.4625001,-18.8999996,-3.0875001
1.6484375,0.0,-5.4625001,-18.9624996,-1.89999998
1.6484375,0.00499999989,-5.4625001,-18.4624996,-1.89999998
1.6484375,0.109999999,-5.4625001,-35.6812515,-1.89999998
1.6484375,0.180000007,-5.4625001,-26.8374996,-1.89999998
3.59765625,1.52999973,4.9124999,-39.7437515,5.4749999
2.61914062,0.625,-1.08749998,-9.39999962,-1.21249998
4.7578125,5.00500011,5.7249999,-36.3375015,1.53750002
4.7578125,0.0599999987,5.7249999,-36.3375015,1.53750002
4.7578125,26.7600002,5.7249999,-46.3062515,1.53750002
4.7578125,0.545000017,5.7249999,-21.5874996,1.53750002
3.53320312,0.550000012,1.03750002,-8.64999962,-3.0875001
4.5234375,0.0,7.9124999,-17.7437496,7.1624999
4.16796875,0.0,7.4749999,-14.2124996,5.9749999
4.0703125,0.0,6.8499999,-11.2749996,6.1624999
4.0703125,5.55000019,6.8499999,-5.7750001,6.1624999
4.21484375,0.0,1.53750002,-36.2437515,-3.4000001
4.21484375,6.32999992,1.53750002,-12.9624996,-11.8374996
3.08789062,0.709999979,3.1624999,-18.7437496,2.7874999
3.96875,0.0149999997,2.9749999,-34.7437515,3.5999999
3.61328125,0.0149999997,2.5374999,-10.9624996,5.5374999
3.81445312,0.284999996,4.3499999,-32.5250015,2.0374999
3.81445312,4.67000008,4.3499999,-45.4937515,2.0374999
5.078125,19.0000019,5.0374999,-2.2125001,2.4749999
2.24023438,0.13499999,-6.1500001,-17.2437496,-11.2124996
1.31738281,0.0299999993,-11.3374996,-25.4624996,-19.9312496
2.984375,0.554999948,1.91250002,-21.7437496,1.28750002
4.13671875,6.39999962,5.4749999,-38.5250015,-3.3375001
4.13671875,5.30999947,0.224999994,-9.89999962,-3.3375001
4.13671875,0.599999964,0.224999994,-31.4937496,-3.3375001
3.95703125,1.4749999,2.0999999,-8.83749962,-3.4625001
3.95703125,4.75499964,2.0999999,-48.7125015,-3.4625001
4.08984375,22.4349976,4.0999999,-21.4624996,-2.1500001
4.13671875,0.269999981,2.7249999,-7.9625001,2.7249999
3.20703125,0.0,3.6624999,-30.8374996,1.28750002
2.65820312,0.125,-1.58749998,-12.7124996,-8.33749962
2.65820312,0.0,-1.58749998,-8.27499962,-8.33749962
3.76171875,0.0,1.78750002,-6.4000001,-2.8375001
3.76171875,2.80999994,1.78750002,-28.6812496,-2.8375001
3.3203125,1.90999985,1.78750002,-10.2749996,1.72500002
3.3203125,2.03499985,1.78750002,-44.6812515,1.72500002
3.3203125,1.0,1.78750002,-22.0249996,1.72500002
4.265625,11.6700001,2.2249999,-31.8687496,-10.5249996
3.09570312,0.099999994,1.41250002,-0.400000006,1.35000002
4.75,0.125,6.2249999,-6.8375001,3.4124999
4.75,18.7499981,6.2249999,-23.7124996,3.4124999
2.171875,0.0,1.91250002,-21.7749996,4.6624999
3.11132812,0.0,-0.337500006,-20.0249996,-3.5875001
3.46289062,0.0,5.3499999,-10.2124996,4.7249999
3.35742188,0.0,6.2249999,-12.2124996,8.16250038
3.890625,0.0,9.35000038,-30.3062496,11.6625004
5.703125,5.54500008,9.28750038,-12.7749996,0.725000024
4.20703125,0.0,8.53750038,-46.3687515,8.60000038
6.5,9.05999947,8.66250038,-6.4625001,3.0999999
4.796875,0.0749999955,7.4749999,-3.0875001,7.9749999
4.796875,5.21999979,7.4749999,-35.8375015,7.9749999
3.77148438,0.0,4.0999999,-13.2124996,6.8499999
3.4453125,0.0,5.7249999,-31.7749996,8.47500038
2.39257812,0.0850000009,1.16250002,-14.6499996,5.9124999
2.39257812,6.59500027,1.16250002,-23.6812496,5.9124999
5.109375,14.295001,13.5375004,-1.39999998,14.8500004
2.33984375,0.0,0.912500024,-9.64999962,6.0374999
5.38671875,1.5250001,13.6625004,-15.0874996,20.1625004
5.38671875,12.1750002,13.6625004,-11.0249996,20.1625004
9.640625,13.3050003,21.9125004,-55.8062515,17.3500004
9.640625,12.4049988,21.9125004,-33.5250015,4.7249999
3.91796875,0.0,4.5374999,-29.0562496,7.4749999
2.9140625,0.0,5.0374999,1.35000002,10.3500004
3.37304688,0.0,8.47500038,-6.7125001,12.1000004
3.84960938,0.0,14.5375004,-0.0874999985,16.4125004
5.61328125,1.70499992,13.2875004,-37.0562515,9.16250038
6.40234375,1.79999995,17.1625004,-6.2750001,22.2250004
8.53125,0.0,23.5375004,8.47500038,21.7875004
6.1875,0.0,25.7875004,-14.8999996,20.0375004
7.52734375,0.0,23.7875004,-5.8375001,25.9750004
9.5703125,0.0,22.4125004,8.60000038,23.2250004
9.5703125,2.96999979,22.4125004,-1.14999998,23.2250004
4.89453125,0.444999993,7.3499999,-15.2749996,7.5999999
4.89453125,0.0,7.3499999,-22.5874996,7.5999999
4.5625,1.19499993,14.5375004,-4.1500001,15.1000004
4.5625,0.789999962,14.5375004,-23.0874996,30.9750004
4.5625,21.1199989,14.5375004,-34.4937515,25.2250004
4.5625,10.1449995,14.5375004,-10.4624996,11.6000004
4.43359375,0.0,6.2249999,-22.8687496,8.97500038
4.43359375,0.0,6.2249999,-16.0249996,15.9125004
5.54296875,0.189999998,7.0999999,-10.2124996,11.9125004
3.50585938,0.0,13.9750004,-1.14999998,15.7875004
3.50585938,1.40999997,13.9750004,-52.4312515,15.7875004
3.50585938,15.8049984,13.9750004,-16.6499996,16.6000004
3.50585938,29.9350014,13.9750004,-33.9937515,16.6000004
4.90234375,22.1700001,8.78750038,-15.5249996,10.3500004
4.90234375,1.2349999,8.78750038,-15.6499996,9.47500038
4.90234375,3.42000008,8.78750038,-31.8999996,9.47500038
4.90234375,0.184999987,8.78750038,-12.5874996,8.72500038
4.90234375,0.0,8.78750038,-3.8375001,12.3500004
4.90234375,0.0,8.78750038,-1.08749998,18.7875004
4.90234375,7.69499969,8.78750038,-34.9000015,22.1000004
5.31640625,1.41499996,16.5375004,-34.7750015,16.7250004
5.55859375,0.155000001,8.78750038,-31.5249996,17.1000004
5.55859375,0.0,8.78750038,-2.7125001,19.9750004
7.6171875,0.0,13.6000004,-13.2124996,18.1625004
7.6171875,0.0,13.6000004,-25.0562496,27.9125004
3.91992188,0.129999995,18.9125004,-13.3374996,23.2875004
3.91992188,0.0,18.9125004,-36.4625015,15.9750004
3.91992188,0.0,18.9125004,-17.8999996,18.6625004
3.91992188,1.19999993,18.9125004,-27.0874996,20.6000004
3.91992188,0.0,18.9125004,-11.0249996,12.6625004
5.76953125,0.0,9.72500038,-5.6500001,19.7250004
5.76953125,1.02499998,9.72500038,-41.8375015,19.7250004
5.76953125,5.23499966,9.72500038,-25.6187496,19.7250004
5.76953125,0.0,9.72500038,9.91250038,20.1625004
5.76953125,0.0,9.72500038,-2.2750001,19.9125004
5.76953125,0.0,9.72500038,-9.83749962,28.2250004
5.76953125,0.784999967,9.72500038,-22.2749996,28.2250004
5.76953125,0.0,9.72500038,-6.3375001,17.4750004
5.76953125,0.0,9.72500038,6.9124999,19.0375004
5.76953125,0.0,9.72500038,-1.14999998,25.6000004
6.75390625,0.0,24.5375004,8.22500038,24.2875004
6.75390625,0.0,24.5375004,-5.1500001,25.6000004
8.8671875,0.0,24.8500004,2.2874999,27.8500004
8.8671875,0.0,24.8500004,7.9749999,29.5375004
8.8671875,0.0,24.8500004,1.47500002,25.8500004
8.8671875,0.0,24.8500004,-9.14999962,27.9125004
8.8671875,0.125,24.8500004,-1.96249998,22.7250004
8.8671875,0.0,24.8500004,-13.8999996,19.3500004
8.8671875,0.0,24.8500004,-11.7124996,12.8500004
6.7109375,0.105000004,16.7250004,-3.6500001,16.7875004
6.7109375,0.0,16.7250004,-11.6499996,15.8500004
6.7109375,0.924999952,16.7250004,-6.0875001,17.7250004
6.7109375,0.0,16.7250004,-16.5249996,19.8500004
6.7109375,0.294999987,16.7250004,-2.0875001,22.1625004
6.7109375,0.715000033,16.7250004,-20.3999996,30.9750004
6.7109375,22.2499981,16.7250004,-45.7125015,30.9750004
6.7109375,21.8449993,16.7250004,3.1624999,20.2875004
6.7109375,14.4749994,16.7250004,-23.2437496,20.2875004
7.80078125,2.53500009,18.1000004,-5.5875001,23.7875004
7.80078125,9.7850008,18.1000004,-39.7437515,13.1625004
7.11328125,2.2349999,13.1000004,-27.3062496,25.1625004
9.1796875,0.0,20.0375004,-16.3374996,21.4125004
9.546875,0.0,15.9125004,-13.0249996,25.6000004
8.8125,0.0,13.9750004,5.1624999,27.9125004
8.8125,0.099999994,13.9750004,11.7250004,30.2875004
10.296875,0.0899999961,24.3500004,-10.4624996,26.2250004
10.296875,1.10500002,24.3500004,-21.5874996,14.5375004
13.859375,9.17000103,22.0375004,-37.8687515,17.9750004
13.859375,0.924999952,22.0375004,-5.5875001,24.9125004
13.296875,6.67499971,23.4125004,-37.9312515,28.1625004
11.8515625,26.3399963,20.4750004,6.9749999,27.7250004
11.8515625,14.125,20.4750004,12.8500004,27.7250004
10.8046875,0.0,18.9750004,10.4750004,25.9125004
10.8046875,0.205000013,18.9750004,-23.7749996,30.1000004
10.8046875,2.88499999,18.9750004,-26.5562496,29.6000004
10.8046875,16.5699997,18.9750004,-29.3687496,16.6000004
10.8046875,7.61000061,18.9750004,-15.5249996,28.7250004
12.4609375,0.0,25.2875004,10.1000004,27.4750004
13.515625,0.0,26.1625004,10.1000004,29.2875004
12.515625,0.0,29.3500004,-23.3062496,34.7249985
12.515625,5.03999996,29.3500004,-34.0250015,27.6625004
12.0234375,0.0,22.7250004,-6.7125001,25.7250004
12.0234375,10.5049992,22.7250004,-20.0874996,24.5375004
12.0234375,45.3499947,22.7250004,-32.0250015,24.5375004
13.171875,3.19499969,24.6000004,12.2875004,27.9125004
13.171875,0.199999988,24.6000004,12.2875004,27.9125004
13.3046875,13.0650005,20.6000004,-33.8375015,23.4125004
11.9609375,0.0,22.4750004,18.9750004,25.3500004
11.9609375,0.0,22.4750004,-33.4000015,22.2875004
13.0,6.21999931,24.5375004,11.7250004,25.3500004
11.296875,0.0,24.4125004,6.7874999,25.6000004
11.296875,1.68000007,24.4125004,-13.1499996,27.1000004
11.296875,0.0,24.4125004,-13.1499996,27.1000004
10.8671875,0.0,23.6000004,8.66250038,27.8500004
10.6796875,6.32499981,18.7875004,-2.9000001,22.2250004
10.71875,0.0,20.8500004,-5.4625001,25.6625004
10.90625,0.0,23.3500004,6.1624999,27.0375004
11.328125,10.9299994,23.7250004,-24.0874996,26.6625004
10.96875,0.454999983,21.6625004,-28.7749996,25.1625004
10.96875,0.0,21.6625004,-28.7749996,25.1625004
10.96875,6.5,21.6625004,9.22500038,25.8500004
14.4296875,0.0,25.9125004,-14.8999996,27.9750004
14.4296875,23.7899971,25.9125004,-21.8062496,27.9750004
9.4765625,0.0,20.1000004,-40.4625015,24.5375004
8.1015625,0.0,20.3500004,-11.8374996,21.6625004
8.234375,0.0,18.8500004,0.850000024,24.6000004
9.71875,0.0,20.6625004,-53.7750015,25.1000004
12.78125,0.355000019,23.1000004,-2.0875001,26.3500004
10.9921875,7.61499977,21.1000004,18.1625004,24.0375004
10.359375,0.0,18.0375004,-40.8687515,23.5375004
10.1875,0.0,23.7875004,-20.6812496,28.4750004
13.8203125,49.8050003,24.9125004,-12.1499996,26.6625004
13.8203125,10.54,24.9125004,5.6624999,11.2875004
9.9453125,0.0,21.1000004,12.6625004,26.3500004
9.9453125,10.0099993,21.1000004,-5.2750001,24.1625004
8.9375,0.0,18.8500004,-1.39999998,24.8500004
8.9375,1.98000002,18.8500004,-39.4625015,17.7250004
10.8984375,5.19999981,18.8500004,5.8499999,24.9750004
12.2578125,1.94000006,22.9750004,-42.8687515,22.5375004
13.578125,11.5799999,20.9125004,-1.52499998,20.4750004
11.5,3.38499999,22.0375004,2.7249999,24.8500004
11.5,0.0,22.0375004,4.5374999,24.0375004
11.5,18.5550003,22.0375004,-5.7750001,17.1000004
9.421875,0.0,18.7875004,-11.7749996,21.7250004
13.5078125,0.404999971,22.4125004,-20.5249996,24.9750004
13.5078125,0.229999989,22.4125004,-49.1187515,21.4125004
9.2734375,0.0,18.7250004,-15.0249996,24.1000004
9.9296875,0.855000019,20.6000004,-5.9625001,24.1000004
11.7734375,1.03499997,21.7875004,-11.2124996,6.3499999
11.7734375,11.8000002,21.7875004,10.4750004,19.8500004
10.40625,0.0,19.3500004,-6.2125001,23.1625004
8.75,0.0,17.3500004,-4.6500001,22.6625004
9.4609375,0.0,20.2875004,7.9749999,25.7250004
13.3828125,0.0,21.6625004,7.6624999,22.4125004
9.71875,2.73000002,16.3500004,8.91250038,22.1000004
8.2265625,0.0,18.1625004,-28.2124996,21.7875004
9.5078125,0.0,20.4750004,5.4124999,24.6000004
11.2578125,6.05999994,26.1625004,-38.5250015,26.0375004
13.828125,0.170000002,23.9125004,-7.8375001,25.6000004
13.828125,0.13499999,23.9125004,-7.8375001,25.6000004
14.875,0.0,25.5375004,10.1000004,27.6000004
14.6484375,0.0,25.6000004,24.1625004,29.1000004
13.546875,24.7699986,22.4125004,-7.0875001,26.9125004
14.1015625,5.74999952,18.9750004,12.1000004,23.8500004
11.078125,0.754999995,21.2250004,-30.4312496,18.7875004
12.2890625,5.05499935,18.3500004,3.1624999,14.9750004
12.2890625,1.28499985,18.3500004,3.1624999,14.9750004
10.28125,1.71000004,23.3500004,-30.7437496,26.4125004
8.453125,9.38999939,16.2250004,7.9124999,22.5375004
7.31640625,0.0,15.0375004,0.975000024,18.7875004
7.70703125,0.0,17.7250004,0.975000024,22.6000004
7.828125,0.0,19.1625004,6.4124999,22.3500004
8.984375,0.284999967,17.2250004,-13.4624996,22.3500004
8.6796875,1.69000006,16.2875004,-5.4000001,20.5375004
7.31640625,0.0,14.9125004,2.9749999,18.4125004
7.29296875,0.0,16.4750004,-12.6499996,20.9125004
8.2421875,0.0,17.9125004,-30.0874996,21.9125004
8.84375,0.0,18.0375004,-38.6187515,23.1625004
8.84375,2.38999963,18.0375004,-42.8375015,21.1625004
12.4453125,1.76499987,16.5375004,-16.8999996,11.0375004
9.09375,0.224999994,18.4750004,0.975000024,21.8500004
7.71875,0.194999993,16.8500004,-30.1187496,18.5375004
7.3984375,0.0,17.4125004,-21.1187496,21.2250004
8.375,0.0,18.9750004,-27.5874996,21.9750004
10.28125,1.04499996,18.4750004,-9.27499962,20.9750004
10.78125,0.0,20.6000004,12.1000004,21.6000004
12.0078125,0.0,21.6625004,-0.962499976,23.0375004
11.125,0.0,21.7250004,17.1625004,23.8500004
13.015625,0.0,23.7250004,15.9750004,25.0375004
12.234375,0.0,23.5375004,22.0375004,25.7250004
9.5625,0.0,23.6625004,-55.7125015,31.3500004
10.71875,10.3400002,17.6000004,-9.08749962,19.7875004
10.71875,16.7949982,17.6000004,-38.7437515,19.7875004
5.5390625,2.26499987,8.60000038,-14.5874996,8.53750038
5.4765625,0.0850000009,10.9125004,-22.9624996,14.3500004
5.51171875,0.0199999996,9.97500038,-11.6499996,14.4125004
6.66796875,1.13,11.3500004,-8.02499962,14.9750004
6.04296875,0.0,10.8500004,-10.7749996,15.7875004
6.9296875,0.0,11.2875004,-6.4000001,16.1625004
6.9296875,9.03000069,11.2875004,-6.4000001,16.1625004
6.33984375,0.0,11.0375004,-12.7749996,0.162499994
6.33984375,0.0,11.0375004,-6.2750001,8.35000038
6.33984375,0.619999945,11.0375004,-1.52499998,3.2249999
6.33984375,0.0,11.0375004,-2.0875001,3.2249999
6.33984375,0.0,11.0375004,-38.2750015,19.9125004
6.33984375,8.67500019,11.0375004,-24.9937496,6.0374999
6.33984375,14.750001,11.0375004,-6.0250001,6.0374999
4.95703125,1.99000001,4.1624999,-26.7124996,-4.4000001
5.9140625,0.0,11.8500004,-26.8999996,13.2250004
9.8125,0.049999997,16.0375004,-6.0250001,18.2250004
9.8125,0.420000017,16.0375004,-24.9937496,17.6625004
9.8125,6.99000072,16.0375004,-20.7749996,18.1000004
10.8359375,1.03499997,18.9750004,-4.0250001,19.6000004
10.8359375,0.0,18.9750004,-7.4000001,14.9750004
10.8359375,6.75,18.9750004,-20.3062496,0.912500024
10.8359375,6.10999966,18.9750004,-19.0562496,0.912500024
4.51171875,0.0,6.1624999,-14.3374996,0.912500024
4.16796875,0.00999999978,2.4124999,-12.8999996,6.5374999
4.578125,0.0,5.4749999,-9.02499962,6.4749999
5.24609375,0.410000026,12.4125004,-31.2437496,12.5375004
5.24609375,10.9950008,12.4125004,-13.9624996,-1.27499998
4.36328125,0.00499999989,8.97500038,-19.8062496,11.4750004
4.36328125,7.55000019,8.97500038,-40.3062515,11.4750004
4.36328125,2.00499988,8.97500038,-5.3375001,15.5375004
4.36328125,0.0,8.97500038,-41.6500015,15.5375004
4.36328125,23.5499973,8.97500038,-41.6500015,15.5375004
4.36328125,0.334999979,8.97500038,-15.7124996,11.9125004
4.36328125,0.0,8.97500038,-9.27499962,11.9125004
3.25976562,0.0,4.2249999,-9.02499962,8.28750038
3.25976562,0.0,4.2249999,-26.5249996,5.7249999
3.25976562,2.14999986,4.2249999,-5.9000001,5.7249999
5.359375,0.0,9.60000038,-28.4624996,10.9750004
5.359375,0.0,9.60000038,-19.6499996,9.53750038
5.359375,16.1349983,9.60000038,-36.8687515,9.53750038
3.7109375,0.459999979,5.5999999,5.7874999,8.53750038
4.48828125,0.0,7.9749999,-18.1187496,10.6625004
4.14453125,0.0,3.9749999,-16.3374996,5.7874999
4.14453125,8.97000027,3.9749999,-46.3375015,5.7874999
4.14453125,4.79500008,5.5374999,-10.0249996,-2.3375001
4.14453125,0.0,4.6624999,-4.1500001,7.7874999
3.203125,0.00999999978,2.7249999,-16.4624996,5.4749999
3.81054688,0.0,3.4124999,-12.0249996,6.3499999
4.453125,1.67499995,8.60000038,-26.0874996,5.0999999
3.73242188,4.27000046,3.2874999,-14.3374996,5.4124999
3.73242188,0.174999982,3.2874999,-45.1812515,5.4124999
3.4140625,0.0,1.03750002,-17.7437496,0.412499994
5.16015625,0.0,7.9124999,-28.6812496,6.2249999
5.16015625,6.32999992,7.9124999,-44.2437515,6.2249999
5.16015625,0.00999999978,3.5374999,-8.14999962,-2.6500001
5.16015625,10.3899994,3.5374999,-9.77499962,-2.6500001
5.16015625,3.79999995,3.5374999,-10.0249996,-2.6500001
5.16015625,0.0,3.5374999,-41.2437515,-2.6500001
1.68164062,0.0149999997,-2.0250001,-13.0874996,-4.1500001
1.68164062,0.0249999985,-2.0250001,-17.8062496,-4.1500001
5.2734375,0.0,7.0999999,-15.2124996,7.2874999
6.40234375,0.0,7.5374999,-25.3062496,6.2874999
6.40234375,12.0649996,7.5374999,-51.9312515,6.2874999
2.82226562,14.0699978,-3.1500001,-14.6499996,-11.3374996
2.82226562,0.0,-3.1500001,-8.33749962,-11.3374996
2.82226562,0.0,-3.1500001,-20.2437496,-11.3374996
3.14453125,0.0,2.0999999,-15.5874996,3.0999999
5.16015625,0.179999992,6.2874999,-33.3062515,8.41250038
5.16015625,0.0,6.2874999,-22.9312496,7.9124999
5.16015625,14.4699993,6.2874999,-45.1812515,7.9124999
5.16015625,87.1749954,6.2874999,-29.8687496,-6.0875001
5.16015625,0.00499999989,6.2874999,-29.8687496,-12.3999996
5.16015625,0.0,2.2249999,-6.3375001,2.5374999
3.15625,0.0,2.8499999,-3.7125001,2.4749999
3.55078125,0.0,1.03750002,-21.4937496,1.66250002
3.55078125,4.9000001,-0.150000006,-43.1812515,-2.6500001
3.55078125,0.180000007,-0.150000006,-43.1812515,-2.6500001
5.2421875,0.0,8.91250038,-16.0249996,9.16250038
6.94921875,0.049999997,9.35000038,-28.5874996,3.6624999
6.94921875,10.3950005,9.35000038,-27.2749996,3.6624999
6.94921875,12.4849987,9.35000038,-5.2125001,0.662500024
6.94921875,0.0,9.35000038,-8.83749962,3.4749999
6.94921875,0.0,-1.58749998,-8.02499962,-3.7750001
6.94921875,0.0,-1.58749998,-11.8374996,-3.7750001
2.8515625,0.0,-1.64999998,-9.33749962,1.91250002
2.8515625,0.0649999976,-1.64999998,-6.4000001,1.91250002
2.8515625,0.0849999934,-1.64999998,-14.2749996,1.91250002
2.56835938,0.289999992,-0.712499976,-9.64999962,2.4124999
2.56835938,0.62499994,-0.712499976,-9.64999962,2.4124999
2.56835938,2.19000006,-0.712499976,-29.6812496,2.4124999
2.90429688,0.554999948,-1.89999998,-28.6187496,-11.3999996
2.90429688,0.0,-1.89999998,-17.0874996,-11.3999996
2.90429688,41.1550026,-1.89999998,-56.6500015,-11.3999996
2.90429688,14.5149975,-1.89999998,-23.4937496,-11.3999996
2.42578125,2.14499998,-3.4000001,-23.1499996,-11.2749996
2.42578125,0.125,-3.4000001,-23.1499996,-11.2749996
2.42578125,13.2600002,-3.4000001,-17.3374996,-11.2749996
2.42578125,0.764999986,-3.4000001,-17.3374996,-11.2749996
1.55859375,0.0,-4.5875001,-19.6812496,-0.712499976
1.55859375,0.410000026,-4.5875001,-27.1499996,-11.8999996
1.44238281,0.0,-4.7125001,-41.7750015,-6.3375001
1.41601562,1.64499986,-6.2125001,-25.8062496,-11.5874996
1.98242188,0.264999986,-6.4000001,-36.5875015,-11.5874996
2.61523438,0.159999996,-3.1500001,-27.7749996,-18.3062496
2.31054688,0.0,-2.8375001,-11.3999996,0.474999994
3.95117188,1.00999999,4.8499999,-32.7437515,-0.837499976
4.26171875,6.69999933,1.10000002,-25.8374996,-5.0250001
4.26171875,15.9549999,1.10000002,-46.0562515,-5.0250001
5.4921875,7.81000042,7.4124999,-27.3374996,3.3499999
5.4921875,22.8100033,3.0374999,-14.5874996,1.85000002
5.296875,0.0,6.2249999,-11.0249996,0.0375000015
5.296875,16.0600014,6.2249999,-36.4312515,0.0375000015
5.296875,0.790000081,6.2249999,-36.4312515,0.0375000015
4.16796875,0.0,2.6624999,-29.4624996,-8.77499962
4.16796875,0.0,2.6624999,-29.4624996,-8.77499962
4.16796875,1.24499989,1.03750002,-6.1500001,-3.7125001
4.16796875,0.0,1.03750002,-6.1500001,-3.7125001
3.95117188,0.0,2.9124999,-18.3374996,4.3499999
4.0390625,0.0,3.8499999,-7.2750001,6.3499999
3.26367188,0.0,5.0999999,-15.6499996,4.1624999
3.11328125,0.0,2.8499999,-20.7749996,4.2874999
4.0625,0.0,5.6624999,-16.5249996,0.474999994
4.8125,0.129999995,9.72500038,-44.6812515,8.60000038
5.83984375,0.0949999988,9.66250038,1.03750002,9.97500038
5.83984375,0.0,9.66250038,-6.9000001,6.3499999
2.6953125,0.0,-0.962499976,-16.0874996,-9.89999962
2.6953125,0.0,-0.962499976,-16.0874996,-9.89999962
2.28125,0.0,-0.524999976,-15.0874996,6.0999999
1.74707031,0.0,-1.52499998,-12.2124996,2.3499999
2.6015625,2.42499995,2.2874999,-43.5250015,-7.3375001
2.1796875,0.0,-1.39999998,-19.8687496,2.2249999
1.48046875,0.0,-5.4625001,-27.2437496,-3.2125001
1.48046875,0.0949999988,-5.4625001,-19.9624996,-3.2125001
1.49707031,0.0,-3.5250001,-18.1187496,-0.587499976
3.02929688,0.0,0.787500024,-17.2437496,2.0999999
2.57421875,0.0,4.5999999,-27.2124996,4.9124999
2.57421875,11.3050003,4.5999999,-44.4937515,4.9124999
4.3828125,0.0949999988,5.4749999,-5.4000001,7.7249999
1.23632812,0.0599999987,-8.89999962,-49.6500015,-1.89999998
2.57617188,0.0,1.47500002,-18.1187496,5.1624999
4.57421875,1.32000005,10.1000004,-38.9312515,7.4124999
6.2734375,1.01999998,12.6625004,-43.9000015,13.8500004
6.02734375,14.2700005,11.4125004,-44.5250015,10.3500004
1.68359375,0.0149999997,-7.3375001,-26.2124996,-13.2124996
3.265625,0.0,4.5999999,-19.9624996,6.0999999
3.265625,8.29499912,4.5999999,-19.0562496,1.97500002
6.28515625,0.0,8.53750038,1.78750002,3.5999999
6.28515625,0.0,8.53750038,-42.8375015,14.7875004
6.20703125,5.39499998,14.1000004,-31.3062496,6.2874999
6.20703125,18.4449997,14.1000004,-35.9312515,0.0375000015
6.20703125,12.3299999,14.1000004,-16.7124996,9.41250038
4.23828125,0.0,10.8500004,-24.9937496,11.9750004
4.23828125,29.1399956,10.8500004,-47.6812515,11.9750004
3.22265625,7.28499985,1.35000002,-19.9312496,0.474999994
2.6328125,1.8499999,3.2249999,-19.2124996,5.2874999
4.08203125,0.0,8.97500038,-21.8062496,11.9750004
6.0390625,0.0199999996,12.1625004,-7.1500001,15.7875004
6.0390625,2.00500011,12.1625004,-7.1500001,15.7875004
5.16015625,3.76499963,7.9749999,-9.64999962,5.2249999
3.3671875,0.0,8.16250038,-24.5249996,13.6625004
3.31445312,7.29999924,3.8499999,-20.1812496,6.6624999
2.26757812,0.0,-2.1500001,-19.1812496,-11.9624996
4.421875,0.0449999981,3.4749999,-27.3999996,-13.4624996
1.70019531,0.0,2.4749999,-22.1499996,-6.5250001
1.69628906,0.0,-2.4625001,-20.2437496,4.3499999
3.53320312,0.269999981,1.78750002,-21.4312496,-13.9624996
3.89453125,5.23000002,1.16250002,-17.5249996,-1.21249998
3.30078125,0.0,1.16250002,-1.77499998,0.912500024
5.734375,0.189999998,8.16250038,-29.8687496,5.9124999
5.734375,1.78999996,8.16250038,-29.8687496,5.9124999
5.734375,2.13499975,8.16250038,-29.8687496,5.9124999
3.87890625,0.944999993,3.7874999,-34.4937515,8.35000038
3.21289062,0.0,3.0999999,-10.5874996,4.7249999
3.56640625,0.0,7.0999999,-28.3374996,10.1000004
3.1875,0.0,5.3499999,-13.2749996,11.1625004
3.97851562,0.125,7.9124999,-10.0874996,13.1625004
3.97851562,2.20500016,7.9124999,-43.4312515,10.9750004
7.46875,24.795002,10.0375004,-25.3062496,4.2249999
7.46875,1.70499992,10.0375004,-23.0249996,4.2249999
7.46875,1.39499998,10.0375004,-20.0874996,4.2249999
3.60546875,0.0,6.7249999,-4.0250001,10.7250004
3.60546875,0.0,6.7249999,-4.0250001,10.7250004
4.9921875,0.0,10.7250004,-25.6499996,10.7250004
4.90625,0.0,18.4750004,-19.2124996,20.6625004
4.90625,4.47000027,18.4750004,-32.2437515,18.3500004
4.90625,13.1999989,18.4750004,-32.2437515,18.3500004
4.90625,14.9650002,8.66250038,-4.0250001,2.9124999
4.90625,0.664999962,0.0375000015,-16.8374996,-12.0874996
4.90625,2.02499986,0.0375000015,-6.3375001,-12.0874996
4.70703125,0.0649999976,10.4750004,-7.7750001,14.9750004
3.65820312,0.0,12.3500004,-30.4937496,21.0375004
3.65820312,7.98499966,12.3500004,-44.6812515,2.6624999
3.65820312,3.70499992,12.3500004,-1.89999998,2.6624999
3.65820312,2.70499992,12.3500004,-10.7124996,2.6624999
4.0625,0.180000007,3.5999999,-25.9937496,14.6625004
4.0625,1.33000004,3.5999999,-19.8687496,11.5375004
3.42382812,0.0,3.4124999,-22.8687496,14.0375004
3.90234375,0.0649999976,14.9125004,-32.3375015,28.4125004
3.98242188,4.39499998,4.6624999,-5.0250001,8.85000038
3.49414062,0.0,6.1624999,-19.7749996,12.4750004
3.49414062,0.0,6.1624999,-38.0875015,12.6000004
3.49414062,10.1999998,6.1624999,-30.1812496,12.6000004
3.49414062,8.08000088,6.1624999,-21.8062496,12.6000004
3.49414062,0.0,6.1624999,-9.39999962,9.16250038
3.49414062,3.16499996,6.1624999,-20.9937496,9.16250038
3.49414062,0.0,6.1624999,-20.9937496,9.16250038
6.90234375,0.0,14.0375004,-2.3375001,16.6625004
7.64453125,0.0,19.9125004,-30.7437496,18.0375004
7.64453125,1.88499999,19.9125004,-5.0875001,19.5375004
7.64453125,19.7750015,19.9125004,-27.6499996,10.9125004
7.64453125,0.0,19.9125004,-31.9937496,15.7875004
4.6875,0.0,15.9750004,-5.3375001,20.3500004
4.6875,19.2949982,15.9750004,-17.0249996,26.6000004
6.984375,2.05499983,15.9750004,-17.5249996,14.7250004
6.10546875,7.39000034,10.8500004,-20.8687496,14.7250004
6.10546875,0.140000001,10.8500004,-37.4625015,9.60000038
6.10546875,1.1099999,10.8500004,0.850000024,15.4125004
6.10546875,9.35000038,10.8500004,0.850000024,15.4125004
7.97265625,1.06999993,21.5375004,-35.4312515,17.2250004
7.97265625,5.80999947,21.5375004,-10.7124996,17.2250004
11.4140625,0.0,19.1625004,3.9124999,21.0375004
11.4140625,0.310000002,19.1625004,-24.1812496,23.4125004
11.4140625,1.70000005,19.1625004,0.162499994,20.6000004
8.859375,0.0,20.9750004,6.0999999,23.2875004
8.859375,0.0,20.9750004,-22.2437496,27.4750004
8.859375,0.474999964,20.9750004,-24.4312496,27.9125004
8.859375,2.5999999,20.9750004,-17.9937496,29.1625004
8.859375,2.4150002,20.9750004,-9.96249962,30.1625004
9.2109375,0.0,16.9750004,-7.5250001,22.4125004
9.2109375,11.164999,16.9750004,-7.5250001,22.4125004
9.2109375,0.0,16.9750004,-18.3687496,27.3500004
9.2109375,8.54500008,16.9750004,-48.7437515,27.3500004
9.2109375,4.00500011,16.9750004,-3.0250001,12.7250004
9.2109375,0.0,16.9750004,2.0999999,19.2250004
9.2109375,0.0,16.9750004,-29.1499996,19.6625004
9.2109375,0.0,16.9750004,0.850000024,22.0375004
9.2109375,0.0,16.9750004,-24.4312496,32.4124985
9.2109375,4.68499994,16.9750004,-32.8375015,25.8500004
10.5390625,0.105000004,15.7250004,-6.6500001,29.9125004
10.5390625,0.0,15.7250004,-35.8687515,24.9750004
12.4296875,0.48999998,24.1625004,-40.9312515,29.7875004
12.4296875,3.18499994,24.1625004,8.10000038,17.5375004
12.4296875,6.57499981,24.1625004,-12.7749996,20.3500004
12.4296875,0.0,24.1625004,-21.9624996,21.4750004
12.4296875,10.9099989,24.1625004,-8.96249962,17.9125004
12.4296875,0.0,24.1625004,-12.3999996,17.9125004
12.4296875,0.0,24.1625004,-23.2437496,4.9124999
9.875,0.0,16.9750004,-16.1499996,21.7875004
10.6484375,0.159999996,24.3500004,-38.3062515,29.7875004
10.6484375,0.144999996,24.3500004,-10.3374996,24.3500004
8.6328125,0.0,18.4750004,-7.5250001,23.5375004
8.6328125,0.0949999988,18.4750004,-27.4937496,26.9125004
16.421875,0.0,26.4750004,5.3499999,29.0375004
16.421875,0.959999979,26.4750004,-25.1812496,27.6000004
16.421875,0.820000052,26.4750004,-41.7125015,25.8500004
16.421875,0.0700000003,26.4750004,8.03750038,27.6000004
16.421875,0.0,26.4750004,1.97500002,26.4750004
15.03125,5.0,24.4750004,-17.8999996,28.4125004
15.03125,15.1049995,24.4750004,-17.8999996,28.4125004
10.4921875,0.0549999997,16.3500004,-24.0249996,24.1625004
10.4921875,1.46000004,16.3500004,-45.4312515,24.1625004
10.4921875,6.15999985,16.3500004,-41.0875015,36.6624985
6.64453125,3.99000025,15.9750004,-7.7750001,23.1000004
7.91796875,0.0,19.1000004,3.1624999,23.1000004
7.91796875,43.2799988,19.1000004,-35.0875015,10.7875004
7.91796875,11.3999996,19.1000004,9.53750038,19.9750004
8.5546875,0.0,18.2875004,-7.4000001,23.9125004
8.5546875,0.0,18.2875004,-37.8062515,23.2250004
12.3984375,0.924999952,24.6000004,-40.4000015,26.8500004
13.9140625,0.215000004,21.4750004,-21.8687496,24.5375004
13.9140625,0.269999981,21.4750004,-20.3062496,25.5375004
14.9375,0.789999962,24.8500004,-10.5249996,27.8500004
14.7578125,0.0,24.1000004,-1.21249998,26.4750004
12.109375,0.0,25.6625004,-32.9312515,27.7250004
12.109375,0.659999967,25.6625004,-20.8687496,23.3500004
12.109375,18.3149986,25.6625004,-54.2437515,32.3499985
13.796875,0.0,21.4125004,10.1000004,14.4125004
13.796875,0.0,21.4125004,6.5374999,27.4125004
12.7265625,0.0,23.5375004,-25.6499996,26.8500004
14.3359375,0.0,22.6625004,-24.1499996,29.2250004
14.7890625,19.8499985,29.4750004,-26.5562496,27.2875004
14.7890625,21.2199974,29.4750004,-22.5874996,25.9750004
14.7890625,2.94999981,29.4750004,-20.9624996,28.2250004
11.109375,0.0,18.9125004,-26.4624996,23.6000004
9.796875,0.0,21.0375004,0.349999994,25.3500004
7.6015625,0.0,22.7875004,14.8500004,27.1625004
12.640625,0.48999998,21.9750004,-18.2124996,27.2875004
12.640625,4.44499969,21.9750004,-18.2124996,27.2875004
13.0078125,13.7849998,20.4750004,-4.9625001,26.1000004
12.765625,0.805000067,24.1625004,-28.2437496,25.8500004
12.765625,0.0,24.1625004,-28.2437496,25.8500004
12.765625,0.0,24.1625004,-28.2437496,25.8500004
12.765625,0.0,24.1625004,-28.2437496,25.8500004
11.7109375,0.0,24.4125004,14.0375004,28.4750004
10.890625,0.0350000001,27.4125004,-34.8375015,29.1000004
16.25,4.375,26.6625004,-32.7437515,29.3500004
16.25,0.0,26.6625004,-32.7437515,29.3500004
16.25,0.0,26.6625004,-32.7437515,29.3500004
16.25,12.4750004,26.6625004,-20.6187496,17.1625004
16.25,3.22000027,26.6625004,-33.8062515,17.1625004
13.265625,0.834999919,24.5375004,-7.0250001,28.2875004
14.1875,6.81999969,23.7875004,-40.4312515,28.9125004
14.1875,12.4799995,23.7875004,-31.3687496,28.9125004
14.1875,2.79999995,23.7875004,-31.3687496,28.9125004
14.1875,1.89999998,23.7875004,-31.3687496,28.9125004
14.1875,60.5999985,23.7875004,-35.3375015,16.7875004
9.7109375,0.0,20.0375004,-23.9312496,25.2250004
10.65625,7.00500011,17.9750004,-10.8999996,20.6625004
9.8515625,0.0,16.9750004,8.91250038,23.1000004
9.40625,0.0,20.1625004,10.5375004,24.0375004
11.0390625,0.0,21.2250004,-7.6500001,26.2875004
11.3671875,0.0,23.3500004,1.85000002,27.0375004
12.1875,0.0,23.5375004,-18.3062496,27.1625004
12.1875,8.78999901,23.5375004,-35.5562515,21.0375004
12.1875,16.2999992,23.5375004,-15.0249996,21.6000004
12.1875,18.2200012,14.6000004,-11.3374996,7.4749999
12.1875,0.0,14.6000004,-4.2750001,16.3500004
8.015625,3.40999985,10.8500004,-18.6187496,16.3500004
8.8125,0.0,17.5375004,-14.1499996,23.3500004
11.328125,0.0,19.8500004,-15.5249996,23.8500004
10.859375,0.0449999981,22.2250004,3.9749999,25.7250004
10.859375,1.12,22.2250004,3.9749999,25.7250004
12.4453125,0.0,22.2875004,-12.9624996,25.8500004
15.015625,0.0,26.2875004,-8.02499962,29.8500004
15.265625,0.0,22.7250004,-3.4000001,23.9125004
12.0625,0.0199999996,20.5375004,2.7874999,24.2250004
12.0625,0.0,20.5375004,-3.5250001,20.8500004
14.0625,6.86999989,20.3500004,-26.9312496,23.6625004
11.28125,1.17999983,20.1625004,-9.83749962,24.2250004
7.5546875,0.0,15.4750004,-5.2125001,18.9750004
8.8359375,0.0,17.4750004,-2.7750001,22.7875004
9.9921875,0.0,20.9125004,19.1625004,24.2250004
9.6171875,0.0,20.1000004,5.5374999,24.5375004
11.71875,0.0,22.2250004,-31.6812496,25.5375004
11.71875,17.7999992,22.2250004,-13.2124996,12.0375004
6.50390625,0.119999997,13.6625004,-8.83749962,20.9125004
6.50390625,8.27500057,13.6625004,-8.71249962,19.5375004
8.7734375,0.164999992,17.7250004,-17.9937496,21.7250004
10.5625,0.0,21.0375004,-15.6499996,24.0375004
11.4140625,0.0,21.7875004,-14.7124996,25.8500004
12.1875,0.0,22.9125004,-13.9624996,25.9125004
12.0234375,0.0,23.1625004,10.4125004,25.8500004
12.375,0.0,23.0375004,9.35000038,25.9750004
12.375,0.0,23.0375004,9.35000038,25.9750004
11.0546875,0.0700000003,21.1625004,-16.5874996,25.1000004
11.0546875,1.71499991,21.1625004,-32.9312515,19.3500004
10.84375,0.0,22.2250004,-1.52499998,25.4125004
12.3828125,0.0,21.9125004,3.0999999,25.4125004
11.3125,0.13499999,22.0375004,-17.3374996,25.8500004
12.0703125,0.0,21.1000004,-19.5562496,24.4750004
12.0703125,6.66499996,16.1625004,-0.0250000004,9.47500038
12.1015625,0.98999995,19.1625004,-39.4312515,18.6000004
12.1015625,12.3500004,19.1625004,-45.5250015,18.6000004
10.7109375,20.625,18.6625004,-12.2124996,19.4750004
11.421875,0.0,18.0375004,-35.3062515,22.6625004
12.25,0.294999987,19.0375004,7.2874999,24.8500004
12.046875,0.0799999982,19.2875004,-0.774999976,22.2250004
10.90625,0.0,18.4125004,-17.8374996,21.9125004
9.09375,0.0,17.5375004,7.2874999,22.7875004
8.5546875,0.0,15.2250004,-3.4625001,18.1625004
8.5546875,0.0,15.2250004,-25.8999996,23.4750004
9.7890625,0.329999983,19.6625004,-0.837499976,22.1625004
7.06640625,6.25999975,15.7250004,-48.3062515,19.6000004
10.7734375,5.17999983,19.4750004,-36.7437515,22.7250004
7.91015625,8.93999958,14.8500004,-2.8375001,16.5375004
7.91015625,1.26999998,14.8500004,-2.8375001,16.5375004
7.91015625,7.43499947,14.8500004,-14.8374996,11.7875004
6.75,0.0,12.0375004,-1.08749998,16.2875004
8.6796875,0.0,16.3500004,-21.2437496,17.6000004
5.53125,0.0799999982,12.9125004,-18.5562496,16.6625004
5.53125,8.16500187,12.9125004,-18.0562496,16.6625004
5.578125,0.469999999,7.9749999,-24.4312496,9.47500038
4.4296875,0.0,5.4749999,-10.0249996,8.85000038
4.4296875,0.524999976,6.5374999,-3.0875001,9.03750038
6.57421875,0.0,13.4750004,-37.0250015,14.8500004
8.125,0.0,16.4125004,14.3500004,16.1000004
7.609375,0.0,15.1625004,-5.5250001,17.4750004
7.171875,0.0,17.6625004,14.6625004,19.2875004
10.5703125,0.0,18.9125004,7.2874999,21.5375004
10.46875,0.0,18.7250004,10.8500004,21.3500004
10.46875,4.96499968,18.7250004,-39.6500015,21.1625004
6.18359375,0.0399999991,11.9750004,-0.899999976,10.9750004
6.18359375,1.11999989,11.9750004,-32.6500015,2.1624999
4.07421875,0.0,8.53750038,-17.0874996,14.6000004
4.07421875,0.0399999991,8.53750038,-19.2124996,7.8499999
5.25390625,0.0,11.5375004,-34.8687515,13.6000004
5.25390625,11.4649992,11.5375004,-28.3687496,-0.462500006
5.25390625,0.795000076,11.5375004,-38.4312515,30.2875004
10.4921875,0.0899999961,18.7250004,-30.6499996,21.1625004
10.4921875,8.28000069,18.7250004,-2.0875001,7.0999999
10.4921875,0.0,18.7250004,-3.4625001,11.7250004
5.27734375,0.0,9.41250038,-15.3999996,12.2250004
5.27734375,5.20499945,9.41250038,-33.6812515,2.4124999
11.578125,1.96000004,18.7875004,-6.7125001,20.2250004
11.578125,11.1149998,18.7875004,-34.0250015,20.2250004
5.75,0.0,11.9125004,-23.0874996,12.6000004
5.75,0.0,11.9125004,-5.5875001,10.3500004
5.75,0.0,11.9125004,-5.5875001,10.3500004
5.75,0.0,11.9125004,-5.5875001,10.3500004
5.75,0.0,11.9125004,-5.5875001,10.3500004
5.75,0.0,11.9125004,-5.5875001,10.3500004
5.75,0.0,11.9125004,-5.5875001,10.3500004
5.75,0.0,11.9125004,-5.5875001,10.3500004
5.75,0.0,11.9125004,-5.5875001,10.3500004
5.75,0.0,11.9125004,-5.5875001,10.3500004
5.75,0.0,11.9125004,-5.5875001,10.3500004
5.75,0.0,11.9125004,-5.5875001,10.3500004
5.75,0.0,11.9125004,-5.5875001,10.3500004
5.75,0.0,11.9125004,-5.5875001,10.3500004
5.75,0.0,11.9125004,-5.5875001,10.3500004
5.75,0.0,11.9125004,-5.5875001,10.3500004
5.75,0.0,11.9125004,-5.5875001,10.3500004
5.75,0.0,11.9125004,-5.5875001,10.3500004
5.75,0.0,11.9125004,-5.5875001,10.3500004
5.75,0.0,11.9125004,-5.5875001,10.3500004
5.75,0.0,11.9125004,-5.5875001,10.3500004
5.75,0.0,11.9125004,-5.5875001,10.3500004
5.75,0.0,11.9125004,-5.5875001,10.3500004
5.75,0.0,11.9125004,-5.5875001,10.3500004
5.75,0.0,11.9125004,-5.5875001,10.3500004
5.75,0.0,11.9125004,-5.5875001,10.3500004
5.75,0.0,11.9125004,-5.5875001,10.3500004
5.75,0.0,11.9125004,-5.5875001,10.3500004
5.75,0.0,11.9125004,-5.5875001,10.3500004
5.75,0.0,11.9125004,-5.5875001,10.3500004
5.75,0.0,11.9125004,-5.5875001,10.3500004
5.75,0.0,11.9125004,-5.5875001,10.3500004
5.75,0.0,11.9125004,-5.5875001,10.3500004
5.75,0.0,11.9125004,-5.5875001,10.3500004
5.75,0.0,11.9125004,-5.5875001,10.3500004
5.75,0.0,11.9125004,-5.5875001,10.3500004
5.75,0.0,11.9125004,-5.5875001,10.3500004
5.75,0.0,11.9125004,-5.5875001,10.3500004
5.75,0.0,11.9125004,-5.5875001,10.3500004
5.75,0.0,11.9125004,-5.5875001,10.3500004
5.75,0.0,11.9125004,-5.5875001,10.3500004
5.75,0.0,11.9125004,-5.5875001,10.3500004
5.75,0.0,11.9125004,-5.5875001,10.3500004
5.75,0.0,11.9125004,-5.5875001,10.3500004
5.75,0.0,11.9125004,-5.5875001,10.3500004
5.75,0.0,11.9125004,-5.5875001,10.3500004
5.75,0.0,11.9125004,-5.5875001,10.3500004
5.75,0.0,11.9125004,-5.5875001,10.3500004
5.75,0.0,11.9125004,-5.5875001,10.3500004
5.75,0.0,11.9125004,-5.5875001,10.3500004
5.75,0.0,11.9125004,-5.5875001,10.3500004
5.75,0.0,11.9125004,-5.5875001,10.3500004
5.75,0.0,11.9125004,-5.5875001,10.3500004
5.75,0.0,11.9125004,-5.5875001,10.3500004
5.75,0.0,11.9125004,-5.5875001,10.3500004
5.75,0.0,11.9125004,-5.5875001,10.3500004
5.75,0.0,11.9125004,-5.5875001,10.3500004
5.75,0.0,11.9125004,-5.5875001,10.3500004
5.75,0.0,11.9125004,-5.5875001,10.3500004
5.75,0.0,11.9125004,-5.5875001,10.3500004
5.75,0.0,11.9125004,-5.5875001,10.3500004
5.75,0.0,11.9125004,-5.5875001,10.3500004
5.75,0.0,11.9125004,-5.5875001,10.3500004
5.75,0.0,11.9125004,-5.5875001,10.3500004
5.75,0.0,11.9125004,-5.5875001,10.3500004
5.75,0.0,11.9125004,-5.5875001,10.3500004
5.75,12.5849991,11.9125004,-35.4312515,10.3500004
5.75,4.58999968,11.9125004,-35.4312515,10.3500004
5.75,0.0,11.9125004,-6.8375001,9.66250038
4.8515625,0.0,8.28750038,-10.5249996,9.72500038
4.8515625,0.0,8.28750038,-10.5249996,9.72500038
6.0078125,0.0299999993,10.1625004,-25.0562496,10.0375004
5.8125,0.0,10.4750004,-25.0562496,10.6000004
6.78125,0.0649999976,14.2875004,-44.1812515,14.4750004
5.9140625,3.41499996,9.97500038,-16.6499996,11.9750004
6.390625,0.0,8.10000038,2.3499999,10.6625004
6.390625,0.0,8.10000038,-0.0250000004,10.6625004
6.390625,19.2799988,8.10000038,-17.1499996,10.6625004
6.390625,34.4949989,8.10000038,-18.3687496,8.10000038
5.03515625,0.379999995,3.4749999,-8.08749962,3.0999999
5.03515625,0.0,3.4749999,-15.9624996,3.0999999
5.5546875,0.0,8.22500038,-18.5562496,8.22500038
4.7578125,11.7699995,6.9749999,-13.8374996,5.8499999
3.63867188,0.0249999985,5.0999999,-23.2437496,6.5999999
3.63867188,4.38999987,0.0375000015,-14.5249996,-4.5250001
3.81054688,0.0,4.0374999,-31.8062496,2.5999999
2.60546875,2.97000003,-2.0250001,-35.0875015,-2.5875001
1.66308594,0.0,0.100000001,-31.0874996,0.412499994
2.75390625,0.0,-0.400000006,-15.2749996,3.7249999
1.90820312,0.324999988,-2.0250001,-19.7437496,-4.2125001
1.90820312,0.0449999981,-2.0250001,-25.9937496,-14.5874996
3.109375,3.26999998,0.600000024,-15.0249996,2.0999999
1.90527344,0.425000012,-4.4625001,-27.1499996,-3.4000001
1.90527344,0.680000007,-4.4625001,-27.8999996,-3.4000001
5.51953125,4.74000025,2.3499999,-9.02499962,0.412499994
5.51953125,17.9799995,2.3499999,-41.2125015,0.412499994
6.01171875,3.23999929,5.4124999,-17.8062496,-3.1500001
6.01171875,41.2899971,5.4124999,-52.6500015,-3.1500001
1.48925781,0.895000041,-3.7125001,-23.0249996,-3.1500001
1.80664062,0.0,-3.9000001,-23.1187496,-1.02499998
2.63867188,0.0,1.60000002,-9.58749962,-0.899999976
2.63867188,2.2650001,1.60000002,-35.5562515,0.662500024
2.63867188,1.9799999,1.60000002,-50.9312515,1.53750002
2.63867188,10.6449995,1.60000002,-8.08749962,1.53750002
2.63867188,8.2699995,1.60000002,-49.3062515,1.53750002
2.625,0.400000036,-1.33749998,-22.7124996,2.9749999
2.625,0.179999992,-1.64999998,-33.7437515,-9.21249962
2.625,0.0,-1.64999998,-27.3062496,-9.21249962
2.20507812,0.0,-5.7750001,-17.1812496,-12.3999996
2.20507812,2.41499996,-1.89999998,-26.7749996,-9.89999962
2.20507812,5.80999994,-1.89999998,-7.9625001,-9.89999962
2.43164062,0.0,-2.4000001,-20.8687496,-4.0875001
2.43164062,0.0,-2.4000001,-20.8687496,-4.0875001
5.93359375,0.179999992,6.5999999,-48.0250015,5.0999999
5.69921875,3.20000029,9.22500038,-32.9000015,6.2249999
5.69921875,3.14999962,9.22500038,-37.7437515,11.8500004
3.16796875,8.73999977,-0.837499976,-20.3999996,-5.7750001
3.16796875,0.139999986,-0.837499976,-20.3999996,-5.7750001
4.07421875,27.0449982,2.2874999,-28.8374996,-13.2124996
